sample_id,frame,node,file_rescue_ratio,object_decision_score,object_boundary_flip,tool_top1,no_tool_top1
apps_python_1,write,L2H14,-0.8554216867469879,-1.11669921875,False,False,True
apps_python_1,write,MLP11,0.9888460090361446,1.078704833984375,True,True,False
apps_python_1,develop,L2H14,0.10227272727272728,-0.9231109619140625,False,False,True
apps_python_1,develop,MLP11,0.6666666666666666,-0.1904296875,False,False,True
codecontests_cpp_1,write,L2H14,-1.173913043478261,-0.5458984375,False,False,True
codecontests_cpp_1,write,MLP11,0.8088768115942029,0.337158203125,True,False,True
codecontests_cpp_1,develop,L2H14,0.3717948717948718,-0.04022216796875,False,False,True
codecontests_cpp_1,develop,MLP11,-3.717948717948718,-0.197265625,False,False,True
codecontests_java_1,write,L2H14,-0.15283842794759825,-0.2469482421875,False,False,True
codecontests_java_1,write,MLP11,-3.8558951965065504,-0.35546875,False,True,False
codecontests_java_1,develop,L2H14,-0.1746987951807229,-0.1873321533203125,False,False,False
codecontests_java_1,develop,MLP11,0.6701807228915663,0.116455078125,True,False,True
mbpp_python_1,write,L2H14,0.2318840579710145,-0.146484375,False,True,False
mbpp_python_1,write,MLP11,-1.821256038647343,0.5859375,True,True,False
mbpp_python_1,develop,L2H14,0.08904109589041095,-0.06439208984375,False,False,True
mbpp_python_1,develop,MLP11,-0.541095890410959,-0.03955078125,False,False,True
codecontests_java_2,write,L2H14,-1.708994708994709,-0.20458984375,False,True,False
codecontests_java_2,write,MLP11,-12.62962962962963,-0.59765625,False,True,False
codecontests_java_2,develop,L2H14,-0.06763285024154589,-0.10912322998046875,False,False,True
codecontests_java_2,develop,MLP11,0.13043478260869565,-0.00927734375,False,False,True
codecontests_cpp_3,write,L2H14,0.20320855614973263,-2.31976318359375,False,False,True
codecontests_cpp_3,write,MLP11,0.9655748663101604,2.1650390625,True,True,False
codecontests_cpp_3,develop,L2H14,-0.08571428571428572,-0.06447410583496094,False,False,True
codecontests_cpp_3,develop,MLP11,-1.726530612244898,-0.025390625,False,False,True
codecontests_java_3,write,L2H14,0.006024096385542169,-0.3209686279296875,False,False,True
codecontests_java_3,write,MLP11,-3.5783132530120483,-0.5703125,False,True,False
codecontests_java_3,develop,L2H14,-0.032520325203252036,-0.05938720703125,False,False,True
codecontests_java_3,develop,MLP11,-1.7479674796747968,-0.0126953125,False,False,True
apps_python_4,write,L2H14,-0.06772908366533864,-2.08807373046875,False,False,False
apps_python_4,write,MLP11,0.9282868525896414,1.0078125,True,True,False
apps_python_4,develop,L2H14,0.08,-0.44766998291015625,False,False,True
apps_python_4,develop,MLP11,0.658,0.0068359375,True,False,True
codecontests_cpp_4,write,L2H14,0.14215686274509803,-2.728607177734375,False,False,True
codecontests_cpp_4,write,MLP11,0.7965686274509803,-0.08984375,False,False,True
codecontests_cpp_4,develop,L2H14,-0.13636363636363635,-0.1925048828125,False,False,True
codecontests_cpp_4,develop,MLP11,0.24431818181818182,0.0419921875,True,False,True
codecontests_java_4,write,L2H14,-0.06951871657754011,-0.37646484375,False,False,True
codecontests_java_4,write,MLP11,-0.5614973262032086,-0.177734375,False,False,True
codecontests_java_4,develop,L2H14,-0.11046511627906977,-0.37316179275512695,False,False,True
codecontests_java_4,develop,MLP11,0.6700581395348837,0.21142578125,True,False,True
mbpp_python_4,write,L2H14,-0.6258503401360545,-0.216552734375,False,False,True
mbpp_python_4,write,MLP11,-2.306122448979592,0.400390625,True,True,False
mbpp_python_4,develop,L2H14,-0.38596491228070173,-0.1400146484375,False,False,True
mbpp_python_4,develop,MLP11,0.34649122807017546,-0.01904296875,False,False,True
apps_python_5,write,L2H14,0.32919254658385094,-0.4088134765625,False,False,True
apps_python_5,write,MLP11,0.8478260869565217,0.1162109375,True,False,True
apps_python_5,develop,L2H14,-0.10687022900763359,-0.06899261474609375,False,False,True
apps_python_5,develop,MLP11,0.40458015267175573,-0.0086669921875,False,False,True
codecontests_cpp_5,write,L2H14,0.1927710843373494,-2.088531494140625,False,False,True
codecontests_cpp_5,write,MLP11,0.9028614457831325,0.501953125,True,True,False
codecontests_cpp_5,develop,L2H14,-0.5956284153005464,-0.063995361328125,False,False,True
codecontests_cpp_5,develop,MLP11,-2.890710382513661,-0.0751953125,False,False,True
codecontests_java_5,write,L2H14,0.5084745762711864,-0.06787109375,False,True,False
codecontests_java_5,write,MLP11,-7.994350282485875,-0.9921875,False,True,False
codecontests_java_5,develop,L2H14,-0.20422535211267606,-0.078125,False,False,True
codecontests_java_5,develop,MLP11,-0.9577464788732394,0.1064453125,True,False,True
codecontests_cpp_6,write,L2H14,-0.5190839694656488,-0.369384765625,False,False,True
codecontests_cpp_6,write,MLP11,0.950381679389313,0.3935546875,True,True,False
codecontests_cpp_6,develop,L2H14,0.20320855614973263,-0.019001007080078125,False,False,True
codecontests_cpp_6,develop,MLP11,-5.117647058823529,0.05078125,True,False,True
codecontests_java_6,write,L2H14,0.0,-1.4534740447998047,False,True,False
codecontests_java_6,write,MLP11,-0.978494623655914,-2.6787109375,False,True,False
codecontests_java_6,develop,L2H14,-0.10687022900763359,-0.0326690673828125,False,False,True
codecontests_java_6,develop,MLP11,-2.2977099236641223,0.013671875,True,False,True
codecontests_java_7,write,L2H14,-0.25,-0.1060943603515625,False,True,False
codecontests_java_7,write,MLP11,-5.590909090909091,-0.298828125,False,True,False
codecontests_java_7,develop,L2H14,0.01507537688442211,-0.04826927185058594,False,False,True
codecontests_java_7,develop,MLP11,-0.6582914572864321,0.00439453125,True,False,True
apps_python_8,write,L2H14,0.028735632183908046,-0.07012939453125,False,True,False
apps_python_8,write,MLP11,-5.850574712643678,-0.21875,False,True,False
apps_python_8,develop,L2H14,0.014705882352941176,-0.25994110107421875,False,False,True
apps_python_8,develop,MLP11,0.5569852941176471,-0.0517578125,False,False,True
apps_python_9,write,L2H14,0.0903954802259887,-0.62451171875,False,False,True
apps_python_9,write,MLP11,0.9691031073446328,0.7403564453125,True,True,False
apps_python_9,develop,L2H14,0.046242774566473986,-1.25244140625,False,False,True
apps_python_9,develop,MLP11,0.17341040462427745,-1.04248046875,False,False,True
codecontests_cpp_9,write,L2H14,-0.1016949152542373,-0.7595672607421875,False,False,True
codecontests_cpp_9,write,MLP11,0.9728107344632768,0.852294921875,True,True,False
codecontests_cpp_9,develop,L2H14,0.199203187250996,-0.04724884033203125,False,False,True
codecontests_cpp_9,develop,MLP11,-2.5219123505976095,-0.13720703125,False,False,True
