node,layer,forward_support,reverse_support,shared_support_min,union_support_max,support_delta_reverse_minus_forward,direction_balance,forward_score_norm_median,reverse_score_norm_median
MLP27,27,0.9991336471252141,0.9987014951131101,0.9987014951131101,0.9991336471252141,-0.00043215201210400345,-0.00021631014640168518,0.799896265560166,0.8013698630136986
L24H6,24,0.9760582883418013,0.9957797831428289,0.9760582883418013,0.9957797831428289,0.019721494801027584,0.010001579280888384,0.6698113207547169,0.35867502726281353
L23H6,23,0.9959642258133011,0.9127237054768272,0.9127237054768272,0.9959642258133011,-0.08324052033647389,-0.04361138296725626,0.6650485436893204,0.24633390490479762
L21H12,21,0.9949428032697804,0.8643422132540395,0.8643422132540395,0.9949428032697804,-0.13060059001574087,-0.07024237212426743,1.0044247787610618,0.32741116751269034
MLP19,19,0.7212753936110661,0.7494127960104889,0.7212753936110661,0.7494127960104889,0.02813740239942286,0.019132133240740392,0.5619556316533909,0.43333333333333335
MLP16,16,0.7172545422232764,0.7560089867942641,0.7172545422232764,0.7560089867942641,0.038754444570987645,0.026305167953781766,0.6268074912891985,0.4782608695652174
MLP17,17,0.6767169657296629,0.9057047192260653,0.6767169657296629,0.9057047192260653,0.22898775349640244,0.1447071635035189,0.6442406742625253,0.5331539427853594
L17H8,17,0.5449212789903128,0.5978544813428781,0.5449212789903128,0.5978544813428781,0.05293320235256527,0.04631985048154321,0.4048507462686567,0.23378378378378378
L21H1,21,0.9526253131389218,0.5403076597047923,0.5403076597047923,0.9526253131389218,-0.4123176534341295,-0.27617961484818276,0.7977877844600925,0.2812293638564825
L20H5,20,0.4559221234413819,0.5094864917049154,0.4559221234413819,0.5094864917049154,0.05356436826353356,0.055483623642012404,0.4304812834224599,0.22659574468085106
MLP12,12,0.3465502522985187,0.4579060650175063,0.3465502522985187,0.4579060650175063,0.11135581271898759,0.13842369103460248,0.4967741935483871,0.4069767441860465
MLP11,11,0.4502542026223842,0.334057862486961,0.334057862486961,0.4502542026223842,-0.11619634013542318,-0.1481506473054493,0.49100215517241375,0.4343891402714932
L12H6,12,0.37038699495295085,0.3007476329445864,0.3007476329445864,0.37038699495295085,-0.06963936200836446,-0.10376362523049007,0.19442800788954634,0.14518229166666666
L13H9,13,0.2734880188975575,0.26908954528366685,0.26908954528366685,0.2734880188975575,-0.004398473613890674,-0.008106626414839292,0.18092986273853365,0.1145
L16H8,16,0.2653265680790519,0.7417331643310718,0.2653265680790519,0.7417331643310718,0.4764065962520199,0.47306687073255344,0.39644970414201186,0.25344036697247707
L16H4,16,0.25024722340729105,0.5265310257959674,0.25024722340729105,0.5265310257959674,0.2762838023886764,0.3556791177817617,0.39436619718309857,0.24111403508771928
MLP18,18,0.21971317173404217,0.20213975288546082,0.20213975288546082,0.21971317173404217,-0.01757341884858135,-0.04165769115961915,0.5598916852500797,0.4280106970324362
L17H2,17,0.1908703792276904,0.3731635561315512,0.1908703792276904,0.3731635561315512,0.18229317690386082,0.32319540629723914,0.370625528317836,0.24711794019933553
L18H14,18,0.3137995332748813,0.17774305904079762,0.17774305904079762,0.3137995332748813,-0.13605647423408368,-0.2767948828058126,0.3819162984075517,0.23969072164948454
MLP13,13,0.18145193207155336,0.17757736372529828,0.17757736372529828,0.18145193207155336,-0.003874568346255075,-0.010791788836216334,0.4894957983193277,0.3629032258064516
L2H14,2,0.4585891482342316,0.17696483837184993,0.17696483837184993,0.4585891482342316,-0.2816243098623816,-0.44311626674908,0.08626650832154167,0.06811379726361563
L17H12,17,0.17201209715066532,0.21101461291229193,0.17201209715066532,0.21101461291229193,0.03900251576162661,0.10182714347836436,0.39457831325301207,0.24407582938388625
MLP5,5,0.14569688841868403,0.13978987160017328,0.13978987160017328,0.14569688841868403,-0.005907016818510746,-0.02069103596300077,0.15889129187447587,0.14917127071823205
L2H15,2,0.13858978070174294,0.13980472863719692,0.13858978070174294,0.13980472863719692,0.001214947935453986,0.004364123194595088,0.05778894472361809,0.06337063671622495
L9H3,9,0.1587124933747536,0.13795581305123905,0.13795581305123905,0.1587124933747536,-0.020756680323514548,-0.06996595144784212,0.2099609375,0.1550029988004798
L13H3,13,0.13406942587508583,0.18071631719619055,0.13406942587508583,0.18071631719619055,0.04664689132110472,0.1481861626450552,0.18995098039215685,0.1498344370860927
MLP6,6,0.13115353426790374,0.13096609893857097,0.13096609893857097,0.13115353426790374,-0.00018743532933276907,-0.0007150755059432122,0.1944642291864514,0.13030591334894615
L10H2,10,0.16941886905975242,0.1219789628945918,0.1219789628945918,0.16941886905975242,-0.047439906165160625,-0.16280116378008413,0.19736842105263158,0.16326530612244897
L11H1,11,0.11001592755537032,0.16246410523158877,0.11001592755537032,0.16246410523158877,0.052448177676218455,0.1924844809352527,0.18908663620093483,0.1669603218645949
L20H14,20,0.10912014234957544,0.18067421671235748,0.10912014234957544,0.18067421671235748,0.07155407436278204,0.24691327531151142,0.49772727272727274,0.2102510460251046
L13H6,13,0.14282093813288319,0.10764387454267524,0.10764387454267524,0.14282093813288319,-0.035177063590207946,-0.14044712793958342,0.2722602739726027,0.2301762114537445
MLP20,20,0.10588214109099581,0.17261474368307322,0.10588214109099581,0.17261474368307322,0.06673260259207742,0.23961705225612964,0.41667278871583896,0.26907630522088355
MLP4,4,0.1354636252302764,0.10577435471976171,0.10577435471976171,0.1354636252302764,-0.029689270510514704,-0.12307046559030023,0.16260608938215917,0.13125
L6H0,6,0.12215311889903911,0.10368647125851567,0.10368647125851567,0.12215311889903911,-0.018466647640523443,-0.08176886801663237,0.05137434554973822,0.05910707131410256
MLP3,3,0.10001746234555252,0.11117387385765337,0.10001746234555252,0.11117387385765337,0.011156411512100853,0.052826085163674895,0.1826984126984127,0.12980769230769232
L16H9,16,0.09795488950796552,0.18251534720651336,0.09795488950796552,0.18251534720651336,0.08456045769854784,0.3014952983572054,0.4882299229432987,0.21987152632313922
MLP2,2,0.1419358246225045,0.08766368565733065,0.08766368565733065,0.1419358246225045,-0.054272138965173855,-0.23637741604512633,0.19029850746268656,0.14356435643564355
MLP10,10,0.0854524535897443,0.08240313039673276,0.08240313039673276,0.0854524535897443,-0.003049323193011544,-0.018166349433196134,0.377789013029208,0.20673076923076922
L15H5,15,0.0816089821016225,0.16384795396227483,0.0816089821016225,0.16384795396227483,0.08223897186065234,0.33504439996449675,0.34022556390977443,0.30597014925373134
MLP9,9,0.12558859404103004,0.080647519831296,0.080647519831296,0.12558859404103004,-0.04494107420973403,-0.21791078859038027,0.35222082667275634,0.3330833882663151
L11H8,11,0.0814200810771268,0.06940737439824332,0.06940737439824332,0.0814200810771268,-0.012012706678883475,-0.07964535794244125,0.17745535714285715,0.1362179487179487
MLP1,1,0.06649108480518413,0.07894911502782827,0.06649108480518413,0.07894911502782827,0.012458030222644134,0.08565740584066757,0.1701042947386272,0.1276143790849673
MLP0,0,0.06638645678136126,0.07570396301762079,0.06638645678136126,0.07570396301762079,0.009317506236259529,0.06557448594663297,0.16944672317929085,0.1123888975518478
L13H10,13,0.07979942900109518,0.0634343380040508,0.0634343380040508,0.07979942900109518,-0.01636509099704439,-0.11425442016376236,0.25763358778625955,0.24649921660791227
L4H15,4,0.10862796267809353,0.0614198811870375,0.0614198811870375,0.10862796267809353,-0.047208081491056035,-0.277616466154654,0.05514260422548466,0.05956196581196581
L11H5,11,0.05609757375270088,0.06310547191771208,0.05609757375270088,0.06310547191771208,0.007007898165011205,0.0587895898598723,0.158993399339934,0.11452913279132791
L9H5,9,0.07107271746151178,0.0535804479373632,0.0535804479373632,0.07107271746151178,-0.017492269524148583,-0.1403275197077864,0.1571729957805907,0.14127604166666666
L16H13,16,0.05144216797144139,0.13983403981905285,0.05144216797144139,0.13983403981905285,0.08839187184761146,0.4621163963289544,0.3470634920634921,0.23555276381909546
MLP7,7,0.059816725365895086,0.05086086032212891,0.05086086032212891,0.059816725365895086,-0.008955865043766179,-0.08091850746555686,0.23166537116206765,0.2120253164556962
L13H13,13,0.05602986313186815,0.047522797471433786,0.047522797471433786,0.05602986313186815,-0.008507065660434361,-0.0821520722970502,0.18222222222222223,0.1578341013824885
MLP14,14,0.046397870429107264,0.0453100125721171,0.0453100125721171,0.046397870429107264,-0.001087857856990164,-0.011862206621601331,0.46798029556650245,0.38399028582103495
MLP21,21,0.33411095227975113,0.04435439490961636,0.04435439490961636,0.33411095227975113,-0.2897565573701348,-0.7656092150099896,0.4359938307306728,0.20242914979757085
L11H9,11,0.08208394077001463,0.04213684857571799,0.04213684857571799,0.08208394077001463,-0.03994709219429664,-0.3215813746209217,0.22289156626506024,0.1474283559577677
L17H1,17,0.04267191677449768,0.041203950352623864,0.041203950352623864,0.04267191677449768,-0.0014679664218738148,-0.01750165419630151,0.37206626783248964,0.24302112623945538
MLP15,15,0.050164725000597155,0.039727892964228344,0.039727892964228344,0.050164725000597155,-0.01043683203636881,-0.11610332719926665,0.4034653465346535,0.2634228187919463
MLP22,22,0.045274187975844336,0.03853683585463566,0.03853683585463566,0.045274187975844336,-0.006737352121208677,-0.08038742176489758,0.3419354838709677,0.24812030075187969
L12H0,12,0.03642461179008807,0.10623109927849979,0.03642461179008807,0.10623109927849979,0.06980648748841173,0.48933538633338886,0.1951219512195122,0.13766891891891891
L12H10,12,0.020344059591681406,0.020475452094792283,0.020344059591681406,0.020475452094792283,0.00013139250311087688,0.0032188651378310404,0.19230769230769232,0.1606280193236715
L6H8,6,0.058917496659465385,0.019041715836230554,0.019041715836230554,0.058917496659465385,-0.03987578082323483,-0.5114954287851013,0.03340890522875817,0.05121415301067073
L13H15,13,0.021295509127214774,0.018644393831473986,0.018644393831473986,0.021295509127214774,-0.0026511152957407885,-0.06637760984254093,0.15594457924215968,0.13826383154417837
L13H11,13,0.016809737413912812,0.029517656171776353,0.016809737413912812,0.029517656171776353,0.012707918757863541,0.2743067928990743,0.1492559523809524,0.16545893719806765
L12H3,12,0.015178176231909908,0.02217970621469993,0.015178176231909908,0.02217970621469993,0.007001529982790021,0.18741774223408633,0.1619154815001823,0.19072164948453607
L16H6,16,0.014697039844599405,0.03286812494792409,0.014697039844599405,0.03286812494792409,0.018171085103324686,0.3820250635646047,0.31201642459617207,0.1856060606060606
L9H15,9,0.01424957689828512,0.01840621694564457,0.01424957689828512,0.01840621694564457,0.004156640047359449,0.1272864492967185,0.14195427126834032,0.10732023840041015
L15H9,15,0.013510928732651795,0.08862248146891198,0.013510928732651795,0.08862248146891198,0.07511155273626019,0.7354258766844755,0.3205032467532467,0.2156398104265403
MLP8,8,0.013336134149733767,0.020168168304184476,0.013336134149733767,0.020168168304184476,0.00683203415445071,0.2039151289255306,0.1770316301703163,0.1162280701754386
L6H7,6,0.04883838192606237,0.013091736505851962,0.013091736505851962,0.04883838192606237,-0.03574664542021041,-0.5772093825318628,0.060633157630522086,0.0772804054054054
L12H13,12,0.010283938576774992,0.033708251808068745,0.010283938576774992,0.033708251808068745,0.023424313231293754,0.5324652631837112,0.12444269247498913,0.07455357142857143
L23H5,23,0.1730470940270833,0.009190997317824186,0.009190997317824186,0.1730470940270833,-0.1638560967092591,-0.8991319844276779,0.38970136256531096,0.22900763358778625
L11H4,11,0.00859376160979933,0.019232814124687532,0.00859376160979933,0.019232814124687532,0.010639052514888203,0.3823342338778212,0.1669776119402985,0.13056668292774454
L19H6,19,0.05814320692160973,0.00825508117444205,0.00825508117444205,0.05814320692160973,-0.04988812574716768,-0.7513465659686814,0.32443446904217554,0.22433227150208282
L18H3,18,0.0075056349203053065,0.014968221007084392,0.0075056349203053065,0.014968221007084392,0.007462586086779086,0.33205632851299727,0.3262987012987013,0.28654716609813696
MLP23,23,0.00670133340535574,0.024183554755984178,0.00670133340535574,0.024183554755984178,0.01748222135062844,0.5660445088647518,0.45058637219654174,0.34011583011583013
L9H7,9,0.006137380677420935,0.018576709266235947,0.006137380677420935,0.018576709266235947,0.012439328588815012,0.5033294212804987,0.1488168652993348,0.15638297872340426
L14H13,14,0.006046459231094083,0.01693245690113977,0.006046459231094083,0.01693245690113977,0.010885997670045687,0.47373851783963256,0.26569037656903766,0.21484851985083
L8H3,8,0.009423474878621434,0.006030044577014642,0.006030044577014642,0.009423474878621434,-0.003393430301606792,-0.2195894800112455,0.1478960396039604,0.11887254901960784
L10H5,10,0.005040375046481887,0.05667165054980479,0.005040375046481887,0.05667165054980479,0.0516312755033229,0.8366485300788709,0.1311322605965463,0.12289975243018895
L10H4,10,0.010319573213649744,0.004173689835498342,0.004173689835498342,0.010319573213649744,-0.006145883378151402,-0.4240510475322296,0.1525938231805602,0.11222627737226278
L3H14,3,0.0656462420443892,0.003785893834097758,0.003785893834097758,0.0656462420443892,-0.06186034821029143,-0.8909469286463131,0.030860995850622408,0.046130952380952384
L16H12,16,0.0034527375808012664,0.005075273360007426,0.0034527375808012664,0.005075273360007426,0.0016225357792061593,0.1902595799264181,0.37293046357615894,0.3158981876332623
L9H2,9,0.00332289942054642,0.0034510260539263667,0.00332289942054642,0.0034510260539263667,0.0001281266333799467,0.01891468010133648,0.1693733753730625,0.1231589590964591
L6H5,6,0.022380400813203843,0.003134174635497598,0.003134174635497598,0.022380400813203843,-0.019246226177706244,-0.7543228072284376,0.03762437810945274,0.05481531544150605
L17H14,17,0.002596531026164901,0.03797043653973623,0.002596531026164901,0.03797043653973623,0.03537390551357133,0.8719879161809749,0.29874213836477986,0.18702080411407201
L18H11,18,0.002587250464889754,0.0060652142600820785,0.002587250464889754,0.0060652142600820785,0.0034779637951923245,0.40196220449816933,0.8664122137404581,0.11452513966480447
L8H10,8,0.003422825241506086,0.0025255503659729985,0.0025255503659729985,0.003422825241506086,-0.0008972748755330874,-0.1508436814926271,0.08518863808488919,0.060353053435114504
L5H13,5,0.025044416654787374,0.002459641101783881,0.002459641101783881,0.025044416654787374,-0.02258477555300349,-0.821143401926123,0.046595982142857144,0.07655038759689922
L9H8,9,0.0042744705962907085,0.0017503562082140979,0.0017503562082140979,0.0042744705962907085,-0.002524114388076611,-0.4189521906570513,0.17420814479638008,0.14719650512026672
L3H0,3,0.0027963025133876493,0.0016704077301144626,0.0016704077301144626,0.0027963025133876493,-0.0011258947832731867,-0.2520635371213226,0.04875298584273591,0.040242574025487254
L10H13,10,0.003373978138351427,0.0016257041384537497,0.0016257041384537497,0.003373978138351427,-0.001748273999897677,-0.34967702007953066,0.13463039641596525,0.17275333709343862
L5H1,5,0.009936413965137218,0.0014479758410582606,0.0014479758410582606,0.009936413965137218,-0.008488438124078958,-0.7456208254094989,0.032942318098568096,0.0605439034992393
L13H14,13,0.003248257071652264,0.0008776389936126086,0.0008776389936126086,0.003248257071652264,-0.0023706180780396556,-0.5745704788827412,0.1180028735632184,0.10557432432432433
L9H12,9,0.0017245348105607726,0.0008728168409647501,0.0008728168409647501,0.0017245348105607726,-0.0008517179695960225,-0.3279178501285247,0.1089657753785163,0.06745594713656387
L13H2,13,0.0008675428606815639,0.019184288475107322,0.0008675428606815639,0.019184288475107322,0.01831674561442576,0.9134699623038265,0.11538461538461539,0.16850716108905275
L17H11,17,0.0008664630311341087,0.002617118676615779,0.0008664630311341087,0.002617118676615779,0.0017506556454816701,0.502544734801829,0.36971830985915494,0.19318181818181818
L5H8,5,0.004518256038305476,0.0008572149036757141,0.0008572149036757141,0.004518256038305476,-0.0036610411346297616,-0.6810642591401385,0.03594924812030075,0.050537109375
L1H13,1,0.006613383194582213,0.0008449173426996213,0.0008449173426996213,0.006613383194582213,-0.005768465851882592,-0.773428990028994,0.06401789024842418,0.055288461538461536
L17H15,17,0.0008289851233332252,0.013503742591610258,0.0008289851233332252,0.013503742591610258,0.012674757468277034,0.8843227695634077,0.3942307692307692,0.25245401247848537
L12H14,12,0.006062184227259625,0.0008040532653944336,0.0008040532653944336,0.006062184227259625,-0.005258130961865191,-0.7657950904684956,0.24668141592920353,0.08135474860335196
L18H13,18,0.0008022379940223752,0.0016769718986304977,0.0008022379940223752,0.0016769718986304977,0.0008747339046081225,0.35282769208060694,0.46586345381526106,0.1352594958865745
L4H11,4,0.009535773545627763,0.0007076507245894116,0.0007076507245894116,0.009535773545627763,-0.008828122821038351,-0.8618331710330673,0.03610924030172414,0.06866197183098592
L4H4,4,0.02104138685227569,0.0006715469062821268,0.0006715469062821268,0.02104138685227569,-0.020369839945993562,-0.9381431441969514,0.046074165425663935,0.06823671497584541
L5H5,5,0.030875303696138803,0.0,0.0,0.030875303696138803,-0.030875303696138803,-1.0,0.04052621048419368,nan
MLP26,26,0.0,0.021584129377265095,0.0,0.021584129377265095,0.021584129377265095,1.0,nan,0.12217194570135746
L6H15,6,0.019053777171415667,0.0,0.0,0.019053777171415667,-0.019053777171415667,-1.0,0.03758445945945946,nan
L3H15,3,0.014781953440068897,0.0,0.0,0.014781953440068897,-0.014781953440068897,-1.0,0.050803311877076415,nan
L6H14,6,0.013685499917666485,0.0,0.0,0.013685499917666485,-0.013685499917666485,-1.0,0.03380102040816327,nan
L14H5,14,0.0,0.01293301357389557,0.0,0.01293301357389557,0.01293301357389557,1.0,nan,0.1809291348765033
L25H0,25,0.0,0.010256261159562107,0.0,0.010256261159562107,0.010256261159562107,1.0,nan,0.10728139450665775
L21H0,21,0.0,0.008650043542284462,0.0,0.008650043542284462,0.008650043542284462,1.0,nan,0.10218408175014393
L23H14,23,0.008529401430819344,0.0,0.0,0.008529401430819344,-0.008529401430819344,-1.0,0.4231558469246349,nan
L27H15,27,0.0,0.00850923475875707,0.0,0.00850923475875707,0.00850923475875707,1.0,nan,0.0954124221844935
L9H13,9,0.00777131777663583,0.0,0.0,0.00777131777663583,-0.00777131777663583,-1.0,0.13468309859154928,nan
L5H12,5,0.006013731448174383,0.0,0.0,0.006013731448174383,-0.006013731448174383,-1.0,0.037306201550387594,nan
L4H13,4,0.005626456053016467,0.0,0.0,0.005626456053016467,-0.005626456053016467,-1.0,0.049899193548387094,nan
L26H9,26,0.0,0.005163208900863494,0.0,0.005163208900863494,0.005163208900863494,1.0,nan,0.07695384554820714
L11H6,11,0.0,0.004991229292758645,0.0,0.004991229292758645,0.004991229292758645,1.0,nan,0.187780291603821
MLP25,25,0.0,0.004707780281693719,0.0,0.004707780281693719,0.004707780281693719,1.0,nan,0.08804347826086957
L4H12,4,0.0034642087742577737,0.0,0.0,0.0034642087742577737,-0.0034642087742577737,-1.0,0.061239357017028775,nan
L11H2,11,0.0030687487471643005,0.0,0.0,0.0030687487471643005,-0.0030687487471643005,-1.0,0.10335902523402524,nan
L16H1,16,0.0,0.002571194838392719,0.0,0.002571194838392719,0.002571194838392719,1.0,nan,0.2170138888888889
L6H9,6,0.002506900451512317,0.0,0.0,0.002506900451512317,-0.002506900451512317,-1.0,0.07227653631284917,nan
L6H4,6,0.0021638256438888458,0.0,0.0,0.0021638256438888458,-0.0021638256438888458,-1.0,0.05615482233502538,nan
L8H14,8,0.00173433386084605,0.0,0.0,0.00173433386084605,-0.00173433386084605,-1.0,0.14007224713502742,nan
L3H2,3,0.0017332533785877117,0.0,0.0,0.0017332533785877117,-0.0017332533785877117,-1.0,0.027945051641199772,nan
L16H5,16,0.0,0.0017313887917510444,0.0,0.0017313887917510444,0.0017313887917510444,1.0,nan,0.20425415296399357
L9H6,9,0.0017284505690289365,0.0,0.0,0.0017284505690289365,-0.0017284505690289365,-1.0,0.18638426941336517,nan
L13H7,13,0.0,0.0016276181536308595,0.0,0.0016276181536308595,0.0016276181536308595,1.0,nan,0.11091886238205448
L11H0,11,0.0,0.0015256096707541207,0.0,0.0015256096707541207,0.0015256096707541207,1.0,nan,0.12820855614973262
L17H4,17,0.0,0.001355375445058797,0.0,0.001355375445058797,0.001355375445058797,1.0,nan,0.14772884266203523
L3H1,3,0.001330475478984766,0.0,0.0,0.001330475478984766,-0.001330475478984766,-1.0,0.051866796398046394,nan
L15H2,15,0.0,0.0008766880521574676,0.0,0.0008766880521574676,0.0008766880521574676,1.0,nan,0.13378378378378378
L20H10,20,0.0,0.0008743930030019408,0.0,0.0008743930030019408,0.0008743930030019408,1.0,nan,0.2679738562091503
L18H12,18,0.0,0.0008682337611060021,0.0,0.0008682337611060021,0.0008682337611060021,1.0,nan,0.19927536231884058
L15H1,15,0.0008675668208971615,0.0,0.0,0.0008675668208971615,-0.0008675668208971615,-1.0,0.27751196172248804,nan
L2H6,2,0.0008674940568192902,0.0,0.0,0.0008674940568192902,-0.0008674940568192902,-1.0,0.03826530612244898,nan
L19H8,19,0.0008673326477391044,0.0,0.0,0.0008673326477391044,-0.0008673326477391044,-1.0,0.2236024844720497,nan
L21H8,21,0.000867263912244662,0.0,0.0,0.000867263912244662,-0.000867263912244662,-1.0,0.22446236559139784,nan
L22H1,22,0.0008671147098944694,0.0,0.0,0.0008671147098944694,-0.0008671147098944694,-1.0,0.20964125560538116,nan
L15H4,15,0.0,0.0008667919252775605,0.0,0.0008667919252775605,0.0008667919252775605,1.0,nan,0.1256720430107527
L20H4,20,0.0,0.0008661162059786515,0.0,0.0008661162059786515,0.0008661162059786515,1.0,nan,0.12973484848484848
L25H9,25,0.0,0.0008646493206018294,0.0,0.0008646493206018294,0.0008646493206018294,1.0,nan,0.06677631578947368
L26H0,26,0.0,0.0008623672306801426,0.0,0.0008623672306801426,0.0008623672306801426,1.0,nan,0.06092964824120603
L15H11,15,0.0,0.0008572748465167464,0.0,0.0008572748465167464,0.0008572748465167464,1.0,nan,0.10483870967741936
L17H3,17,0.0,0.0008566544434736762,0.0,0.0008566544434736762,0.0008566544434736762,1.0,nan,0.05755813953488372
L5H4,5,0.0008467201127082307,0.0,0.0,0.0008467201127082307,-0.0008467201127082307,-1.0,0.021577380952380952,nan
L4H14,4,0.00078971120330036,0.0,0.0,0.00078971120330036,-0.00078971120330036,-1.0,0.048672566371681415,nan
L10H3,10,0.0007496644617264885,0.0,0.0,0.0007496644617264885,-0.0007496644617264885,-1.0,0.11629098360655737,nan
L12H4,12,0.0,0.0007408621621449235,0.0,0.0007408621621449235,0.0007408621621449235,1.0,nan,0.09155701754385964
L19H5,19,0.0,0.0007373107086656994,0.0,0.0007373107086656994,0.0007373107086656994,1.0,nan,0.1298449612403101
L18H2,18,0.0,0.0006016558725134209,0.0,0.0006016558725134209,0.0006016558725134209,1.0,nan,0.3609625668449198
L6H1,6,0.0005953873128978271,0.0,0.0,0.0005953873128978271,-0.0005953873128978271,-1.0,0.055634469696969696,nan
