source,target,support_weighted,support_unweighted
MLP27,Residual Output: no_tool,0.9987014951131101,0.9983646770237122
L24H6,Residual Output: no_tool,0.9940456974954627,0.9942763695829926
L24H6,MLP27,0.9727802217633473,0.9730171708912511
L23H6,Residual Output: no_tool,0.8615589190697435,0.8601798855273917
L21H12,MLP27,0.7107034032644163,0.7130008176614882
L16H8,MLP17,0.6098930192547963,0.6124284546197875
MLP16,MLP17,0.6071139610963263,0.6050695012264923
MLP19,L21H12,0.5970406484429376,0.6017988552739166
MLP17,MLP19,0.5928365841449019,0.5960752248569092
MLP17,L21H12,0.5867478907400285,0.5911692559280458
MLP17,L24H6,0.5589475365957082,0.5592804578904333
MLP17,L23H6,0.5379207936065118,0.5339329517579722
MLP19,L24H6,0.4986464747056862,0.5020441537203598
MLP19,L23H6,0.4975182430740267,0.49795584627964024
MLP16,L17H8,0.4697037465669286,0.46443172526574
L16H4,MLP17,0.4113800923525468,0.4170073589533933
L21H1,MLP27,0.4082041371061881,0.39983646770237125
MLP17,L20H5,0.4055796262409776,0.40964840556009813
MLP19,L21H1,0.3848761315507859,0.3793949304987735
MLP17,L21H1,0.374175875809605,0.3695829926410466
MLP19,L20H5,0.3427600382220291,0.3466884709730172
L20H5,MLP27,0.3356549737616246,0.33605887162714637
MLP16,MLP19,0.3322570643183704,0.33197056418642684
L23H6,MLP27,0.32187687338386606,0.31643499591169255
MLP16,L17H2,0.30009418483057904,0.29599345870809485
MLP12,L16H8,0.29965684563577605,0.30662305805396567
L21H12,L23H6,0.28592824865791444,0.2919051512673753
L23H6,L24H6,0.28292495684350943,0.2837285363859362
MLP12,L16H4,0.27258616986143863,0.276369582992641
L17H8,MLP19,0.26902223887601734,0.26819296811120197
MLP12,MLP16,0.25363516674202663,0.25674570727718726
MLP16,L21H12,0.25111109950475796,0.24529844644317253
MLP16,L24H6,0.24338656572804884,0.23630417007358953
MLP16,L23H6,0.2288361662476504,0.22158626328699918
L16H8,L17H8,0.21107736237357858,0.20686835650040883
L21H12,L24H6,0.20031626569666694,0.2035977105478332
L17H8,MLP27,0.1916426437545904,0.18887980376124286
L16H8,L17H2,0.18670697764113403,0.1839738348323794
MLP11,MLP16,0.18265550418997853,0.17825020441537204
MLP11,L16H4,0.1774363132392164,0.1749795584627964
Input Embed,L2H14,0.17696483837184993,0.18152085036794766
MLP17,MLP18,0.17354889388314088,0.1733442354865086
MLP11,L16H8,0.1734093685328546,0.17089125102207686
MLP17,L18H14,0.1724349798046261,0.17007358953393295
L17H2,MLP19,0.170606458429244,0.16925592804578904
MLP17,L20H14,0.15958137924100824,0.15372035977105478
MLP16,L17H12,0.1535284711340249,0.1545380212591987
MLP12,L17H8,0.1473476938896082,0.14963205233033525
MLP11,MLP12,0.1446177188087482,0.14145543744889616
MLP19,L20H14,0.14313172815038605,0.1381847914963205
L13H9,MLP16,0.14109622278105435,0.13982011447260834
MLP12,L13H9,0.14090573257114536,0.1381847914963205
L15H5,L16H8,0.1395517459236575,0.13409648405560098
Input Embed,L2H15,0.13895541433767197,0.14799672935404742
MLP16,L20H5,0.13863993251934978,0.13654946852003272
MLP16,L21H1,0.13399714883403482,0.12919051512673754
L16H9,MLP17,0.1328741189348764,0.12837285363859363
L15H5,MLP16,0.1319737616317442,0.1267375306623058
MLP18,MLP19,0.1311919783509134,0.13164349959116925
L16H4,L17H8,0.1275231337974426,0.12919051512673754
MLP16,L18H14,0.1270182934201751,0.12428454619787407
L20H5,L21H12,0.12699942663289365,0.12837285363859363
L20H14,MLP27,0.12610787576215587,0.12101390024529844
L12H6,MLP16,0.12516284886620183,0.12837285363859363
L18H14,MLP19,0.12418687950041574,0.12183156173344235
L16H13,MLP17,0.11998988073269412,0.12101390024529844
Input Embed,MLP6,0.1190755573620605,0.11856091578086672
MLP11,L12H6,0.11807719556599695,0.11774325429272281
Input Embed,MLP5,0.11796187528168728,0.12019623875715454
Input Embed,MLP11,0.11708384670709487,0.11365494685200327
MLP13,L16H8,0.11670350056888958,0.11937857726901063
MLP20,L21H12,0.115703064050718,0.116107931316435
Input Embed,L9H3,0.11374481418526086,0.11201962387571546
MLP17,MLP27,0.11345181558159938,0.11201962387571546
Input Embed,MLP3,0.10813437338827106,0.10874897792313983
Input Embed,MLP4,0.10449249939100658,0.10384300899427637
L17H8,MLP18,0.10296669222913907,0.10220768601798855
MLP13,MLP16,0.10282986580351755,0.10384300899427637
MLP13,L16H4,0.1016228996764369,0.10302534750613246
L16H8,MLP19,0.09916825417137434,0.10139002452984465
L13H3,MLP16,0.09704184727630641,0.09893704006541292
MLP17,MLP20,0.09540254683579527,0.09484873262469337
MLP19,MLP20,0.09535191726721165,0.09403107113654947
L17H12,MLP19,0.09499764611092067,0.09811937857726902
L21H1,L24H6,0.09305910558222018,0.09157808667211774
Input Embed,L11H1,0.0902859774602142,0.08830744071954211
L16H8,MLP27,0.09018786819638493,0.08912510220768602
MLP12,MLP13,0.08876823158479093,0.08912510220768602
Input Embed,MLP2,0.08766368565733065,0.08912510220768602
L17H2,MLP18,0.08563376756303673,0.08421913327882256
L17H2,MLP27,0.0845621860500402,0.08421913327882256
L11H1,MLP16,0.08437811596173032,0.08176614881439084
L9H3,MLP12,0.0843765082379236,0.08340147179067865
MLP12,L13H3,0.08206179271312138,0.08830744071954211
Input Embed,MLP1,0.07894911502782827,0.07849550286181521
L16H4,MLP27,0.0775424592113693,0.07686017988552739
MLP11,L13H9,0.07635435880458503,0.07440719542109567
MLP12,MLP17,0.07613789726143563,0.07686017988552739
MLP18,L21H12,0.07592609665621289,0.07849550286181521
Input Embed,MLP0,0.07570396301762079,0.07522485690923958
L21H1,L23H6,0.07497920265749305,0.07358953393295176
L17H12,MLP27,0.07394769808038325,0.07277187244480784
MLP12,L16H9,0.0726600899996096,0.07031888798037612
L10H2,MLP11,0.07249365852649153,0.07113654946852004
MLP16,MLP18,0.07099238694433213,0.07031888798037612
L12H6,MLP13,0.06887153947796727,0.07113654946852004
MLP12,L17H2,0.06780399464023681,0.07113654946852004
L16H4,L17H2,0.06615916533808253,0.0678659035159444
MLP18,L23H6,0.06471358913713346,0.06377759607522486
MLP11,L16H9,0.06402540900673717,0.06132461161079313
L20H5,L21H1,0.06364791126343083,0.06295993458708095
MLP20,L21H1,0.06352306259110585,0.06295993458708095
MLP11,L17H8,0.06312470045660556,0.06214227309893704
MLP20,L23H6,0.06276558020790121,0.06377759607522486
MLP18,L24H6,0.062401800249308303,0.06214227309893704
L10H2,MLP12,0.06205598872300427,0.06377759607522486
Input Embed,MLP12,0.061925727448477554,0.06132461161079313
MLP5,L12H6,0.06146637652992182,0.06541291905151267
L15H5,MLP17,0.0614570769994461,0.059689288634505316
Input Embed,MLP10,0.061027714509734585,0.0580539656582175
L15H9,MLP16,0.06034032122704493,0.059689288634505316
MLP13,L17H8,0.05990534786610063,0.06214227309893704
L16H8,L17H12,0.05989071738263844,0.06214227309893704
L12H0,MLP16,0.05847469715303946,0.05560098119378577
Input Embed,MLP9,0.05826804924417899,0.056418642681929684
MLP12,L20H5,0.057456327004984216,0.056418642681929684
L13H9,MLP17,0.057371779380266996,0.0580539656582175
MLP19,MLP27,0.05712868625705756,0.05723630417007359
L13H6,MLP16,0.05655093090046185,0.056418642681929684
MLP20,L24H6,0.05642496973158991,0.05723630417007359
L21H12,Residual Output: no_tool,0.05608960918419173,0.058871627146361405
L9H3,MLP11,0.05533670704416033,0.05396565821749796
MLP5,L16H8,0.05466942893974936,0.056418642681929684
MLP16,MLP27,0.054260135454289,0.05233033524121014
Input Embed,L10H2,0.054242395991912856,0.053147996729354045
L12H6,L16H8,0.05374246080706098,0.05560098119378577
MLP10,L16H8,0.05313021263590686,0.050695012264922325
L16H9,L17H8,0.05207666221168299,0.04987735077677841
L6H0,MLP12,0.05136237758260684,0.05723630417007359
L2H15,MLP12,0.0502447686009728,0.05723630417007359
L2H14,MLP12,0.05023606392623293,0.05151267375306623
MLP11,MLP13,0.04962106696310064,0.04905968928863451
MLP6,L16H8,0.0494721445508109,0.050695012264922325
L12H6,L13H3,0.04927239678593177,0.053147996729354045
L15H9,L16H8,0.049125060469398324,0.04987735077677841
Input Embed,L6H0,0.04761126426051944,0.04987735077677841
L12H6,MLP17,0.0473490127033671,0.04905968928863451
L2H14,MLP11,0.047189542593148774,0.047424366312346686
MLP12,L16H13,0.04679884686421013,0.047424366312346686
L16H8,MLP18,0.046373490840031784,0.04578904333605887
L13H6,L16H8,0.046281393524296735,0.04660670482420278
MLP13,MLP17,0.046196887008752956,0.047424366312346686
L16H9,MLP19,0.04590301622494128,0.044153720359771054
MLP5,L16H4,0.04563732394572648,0.047424366312346686
MLP12,L17H12,0.04552811362416276,0.0482420278004906
MLP18,L21H1,0.04540742751327146,0.044153720359771054
L12H6,L13H9,0.04507552043424146,0.044971381847914965
MLP9,L16H8,0.04357926450190018,0.04251839738348324
L10H5,MLP11,0.043445861457746496,0.04251839738348324
MLP12,L15H5,0.04298298250014625,0.04251839738348324
Input Embed,MLP7,0.04294783106973268,0.04333605887162715
L13H3,L16H8,0.04275661483516691,0.044153720359771054
MLP11,L17H2,0.04241384197590685,0.041700735895339326
L16H4,L17H12,0.041996338494880825,0.044153720359771054
MLP16,L20H14,0.04118642481879172,0.039247751430907606
Input Embed,L4H15,0.041055178800795046,0.04333605887162715
Input Embed,L12H6,0.04075378162399371,0.04006541291905151
L2H14,MLP5,0.0407265386768418,0.04251839738348324
MLP11,L13H3,0.04028507848379986,0.04006541291905151
L16H4,MLP19,0.03919715007791197,0.04088307440719542
L15H5,L16H4,0.03882103198796009,0.03761242845461979
L11H8,MLP12,0.03879938444380962,0.038430089942763694
L13H9,L16H8,0.03862358266582792,0.038430089942763694
MLP6,MLP12,0.03857507527963713,0.038430089942763694
MLP6,L12H6,0.037789915165470755,0.038430089942763694
L16H9,MLP27,0.037764406153352435,0.03679476696647588
L2H15,MLP11,0.03756395048741176,0.03679476696647588
L13H13,MLP16,0.037494193028951614,0.03679476696647588
L11H1,L13H3,0.037319959312104474,0.035977105478331974
Input Embed,L12H0,0.03722406620595436,0.035977105478331974
MLP6,MLP11,0.037134309667752934,0.035977105478331974
L2H15,L6H0,0.03676481469160429,0.041700735895339326
MLP14,L16H8,0.03674596493684296,0.035977105478331974
MLP12,L15H9,0.036541413357325185,0.03679476696647588
L10H5,MLP12,0.036165733668411464,0.03515944399018806
L13H3,MLP17,0.0359561802830632,0.038430089942763694
MLP4,L16H8,0.03576867602077712,0.035977105478331974
L6H0,L12H6,0.03569867816078611,0.04006541291905151
MLP13,L16H9,0.03568619733868285,0.035977105478331974
MLP6,L16H4,0.03555486307569951,0.03679476696647588
MLP16,L17H1,0.03460003344301041,0.03434178250204415
L13H6,L16H4,0.034335749397281186,0.03515944399018806
L12H6,L16H9,0.03418528566034064,0.032706459525756335
MLP7,L16H4,0.033522496983799645,0.03434178250204415
L13H9,MLP27,0.03348428678091377,0.032706459525756335
L18H14,MLP27,0.03316362579106811,0.032706459525756335
MLP7,L16H8,0.03306050434133776,0.033524121013900246
L13H3,L15H5,0.032514314092220956,0.03107113654946852
MLP22,L24H6,0.03230908932391154,0.033524121013900246
L16H8,MLP20,0.032049422260112016,0.033524121013900246
Input Embed,L9H5,0.03194126551747508,0.03107113654946852
L11H1,MLP13,0.03181172320117773,0.032706459525756335
L12H6,L16H4,0.031746615416623165,0.03434178250204415
MLP3,L12H6,0.03159831552050162,0.03434178250204415
MLP20,MLP27,0.03129413525859022,0.03025347506132461
MLP9,L13H10,0.031016273264172205,0.029435813573180702
L15H9,L16H4,0.030935758583157193,0.03107113654946852
L13H6,L15H5,0.030850250585287425,0.029435813573180702
MLP3,L16H8,0.03082294038660616,0.03025347506132461
MLP5,MLP12,0.030685140254267405,0.03188879803761243
MLP14,MLP16,0.030409600665313185,0.029435813573180702
MLP5,MLP11,0.030187781565750294,0.03025347506132461
L11H1,L13H9,0.03017666979235391,0.03025347506132461
MLP13,L17H12,0.03015939382686913,0.029435813573180702
L2H14,MLP6,0.029943947503304237,0.03107113654946852
L17H8,MLP20,0.029888864651657528,0.029435813573180702
L21H12,MLP22,0.02956135745394792,0.03025347506132461
MLP10,L15H5,0.0295370062627965,0.027800490596892886
MLP13,L16H13,0.02942393699150403,0.03025347506132461
MLP3,MLP11,0.029378966341521883,0.028618152085036794
MLP12,L24H6,0.029143354590930426,0.028618152085036794
MLP11,L16H13,0.029065473170201053,0.028618152085036794
L11H1,MLP12,0.0290106027672312,0.028618152085036794
MLP12,L16H6,0.028881419198510547,0.029435813573180702
L2H15,MLP5,0.028832773009233217,0.03107113654946852
MLP11,L17H12,0.028791787236922245,0.027800490596892886
L11H9,MLP12,0.028775823351969446,0.027800490596892886
MLP7,L13H6,0.02867382934406585,0.029435813573180702
Input Embed,L11H5,0.02851667937700397,0.02698282910874898
L16H13,L17H8,0.028486141289185387,0.028618152085036794
L13H10,L15H5,0.028261369421016768,0.02698282910874898
L20H5,MLP22,0.028246228146532742,0.029435813573180702
MLP2,L16H8,0.028044956922492426,0.028618152085036794
L9H5,MLP12,0.027857053955949198,0.029435813573180702
L17H2,MLP20,0.027723074154157052,0.027800490596892886
MLP2,L12H6,0.027708750586017444,0.028618152085036794
L9H3,MLP16,0.02761210716269557,0.02698282910874898
MLP12,L21H12,0.02736317948767373,0.02698282910874898
L13H10,MLP16,0.026764201318235325,0.025347506132461162
MLP6,L13H9,0.026582415832894293,0.02698282910874898
MLP9,L13H6,0.026429461566997898,0.025347506132461162
L2H14,MLP3,0.026318546056631757,0.02616516762060507
L13H9,L16H4,0.02611041192199872,0.02616516762060507
L16H6,MLP17,0.02603001816559003,0.02698282910874898
L20H5,MLP21,0.026017434359568433,0.02698282910874898
L20H14,L23H6,0.025797755442784703,0.024529844644317254
MLP19,MLP21,0.02561042455839817,0.025347506132461162
L16H9,L17H12,0.025494053548176153,0.024529844644317254
MLP15,L16H8,0.025486557577581122,0.025347506132461162
L4H15,MLP11,0.025425584618904526,0.025347506132461162
MLP18,L20H14,0.025293190692422817,0.024529844644317254
MLP5,L13H9,0.02509455401612611,0.025347506132461162
MLP4,MLP12,0.02499033340721373,0.025347506132461162
L21H1,Residual Output: no_tool,0.02487992215024893,0.024529844644317254
MLP22,L23H6,0.02486091578119709,0.025347506132461162
MLP18,L20H5,0.02484793997342296,0.02616516762060507
L2H15,MLP6,0.024839007522946425,0.025347506132461162
MLP2,L16H4,0.024813742618646207,0.025347506132461162
MLP3,L16H4,0.024490592922668197,0.024529844644317254
L13H9,L16H9,0.024197750585085352,0.023712183156173343
MLP16,L17H14,0.024163824675496548,0.022894521668029435
MLP9,L15H5,0.023968538952618634,0.022894521668029435
MLP4,L13H9,0.02385936274357521,0.023712183156173343
MLP3,MLP12,0.023618029017117573,0.023712183156173343
MLP5,L6H0,0.02360234828977995,0.02616516762060507
MLP23,L24H6,0.02360224072010974,0.023712183156173343
L16H9,L17H14,0.023422801053086716,0.022076860179885527
L2H14,L4H15,0.023116014403813254,0.023712183156173343
MLP1,L16H8,0.023074426115777487,0.023712183156173343
L11H1,L16H4,0.022914895102817242,0.022076860179885527
L15H9,MLP17,0.022905542621306715,0.023712183156173343
L17H8,L18H14,0.02286856568606651,0.022894521668029435
MLP11,L15H9,0.022728208810195508,0.022076860179885527
MLP11,MLP14,0.0223853232309664,0.02125919869174162
MLP1,MLP11,0.022353813899214765,0.022076860179885527
L11H5,MLP12,0.022297769665712106,0.02125919869174162
L17H1,MLP19,0.022237141583634826,0.022076860179885527
MLP9,L10H2,0.0218915686272041,0.02125919869174162
MLP10,L11H1,0.021606578754477725,0.02044153720359771
L2H15,L4H15,0.021593023166866007,0.023712183156173343
MLP26,Residual Output: no_tool,0.021584129377265095,0.02044153720359771
L24H6,MLP26,0.021584129377265095,0.02044153720359771
L2H14,L6H0,0.021451900010133546,0.023712183156173343
MLP14,L17H8,0.021176820788080825,0.02044153720359771
L10H2,L12H6,0.021167201535041466,0.022076860179885527
MLP4,L11H1,0.021111813510242574,0.02044153720359771
MLP3,L9H3,0.020997198096915002,0.02044153720359771
L20H5,L23H6,0.02096867571241646,0.02044153720359771
MLP4,L16H4,0.020916112288285563,0.02125919869174162
MLP10,L12H0,0.020896769384944988,0.019623875715453803
L23H6,MLP26,0.020811911383839476,0.019623875715453803
L2H14,L10H2,0.020806251874224965,0.022076860179885527
L16H8,L17H14,0.02070121709166661,0.019623875715453803
MLP3,L13H9,0.020689203449702747,0.02044153720359771
L11H1,L15H5,0.020509175874987635,0.019623875715453803
MLP5,L10H2,0.020498856312232812,0.02125919869174162
L11H1,L16H8,0.020428717265328813,0.019623875715453803
MLP21,L24H6,0.02026897715003599,0.02125919869174162
MLP12,L23H6,0.02014472936788604,0.019623875715453803
L21H12,MLP23,0.020113454086373904,0.02044153720359771
L6H0,MLP11,0.020014185761477007,0.02044153720359771
L9H3,L13H9,0.0198554577406311,0.019623875715453803
MLP2,MLP11,0.019787964447468498,0.019623875715453803
L2H15,L12H6,0.01977952477674957,0.022894521668029435
L20H14,L21H12,0.019476711045399518,0.019623875715453803
L16H9,MLP20,0.01943317963498241,0.018806214227309895
MLP10,L16H4,0.019402900691852576,0.018806214227309895
MLP6,L11H1,0.019398209328047103,0.018806214227309895
L11H5,MLP16,0.01933909271011976,0.018806214227309895
MLP1,L16H4,0.019267358374965373,0.019623875715453803
MLP15,MLP16,0.019165268672678905,0.018806214227309895
MLP11,L12H0,0.019160527285755204,0.017988552739165987
MLP11,L13H13,0.01912404652438227,0.018806214227309895
MLP23,Residual Output: no_tool,0.01911950045102709,0.019623875715453803
MLP4,L9H3,0.018918145188530203,0.018806214227309895
MLP12,L13H11,0.018913133302241772,0.022076860179885527
L16H4,MLP18,0.018889782505324734,0.019623875715453803
MLP15,L16H4,0.01887881478549893,0.018806214227309895
MLP13,L20H5,0.018666162519681253,0.018806214227309895
MLP4,L12H6,0.018592661884458576,0.018806214227309895
MLP4,L13H6,0.018470793890941972,0.018806214227309895
MLP12,L21H1,0.01844806310709481,0.017988552739165987
L12H0,L15H5,0.018249133713597484,0.017170891251022075
MLP0,L13H9,0.01819613122188351,0.018806214227309895
MLP0,L12H6,0.018020437504598794,0.017988552739165987
L15H5,L17H2,0.01792195496501712,0.017170891251022075
L12H6,L16H13,0.01772689807123842,0.017988552739165987
L17H8,L21H12,0.017678032137841974,0.017988552739165987
MLP0,MLP11,0.01766770243921552,0.017170891251022075
L11H1,L12H6,0.017534161048626696,0.017170891251022075
MLP10,L13H3,0.017375503823405598,0.016353229762878167
Input Embed,MLP8,0.016823322482983218,0.016353229762878167
L4H15,MLP5,0.01680583937284147,0.017988552739165987
MLP11,L15H5,0.016765687607708135,0.016353229762878167
MLP0,L16H8,0.016648836627663276,0.016353229762878167
L12H0,L16H8,0.01655937470606395,0.01553556827473426
L17H14,MLP19,0.016455807086988693,0.01553556827473426
MLP6,L10H2,0.016327023912340987,0.016353229762878167
MLP21,L23H6,0.016322193082220222,0.017170891251022075
MLP21,MLP27,0.01609038895468029,0.01553556827473426
L10H2,L11H8,0.0160218607632361,0.01553556827473426
Input Embed,L13H3,0.015980579232551348,0.01553556827473426
MLP12,L13H6,0.01587901590444672,0.016353229762878167
MLP4,L12H0,0.015835313323916963,0.01553556827473426
MLP10,L13H13,0.01559751402523798,0.014717906786590351
MLP14,L17H12,0.015587763970199297,0.014717906786590351
L20H14,L24H6,0.015571798317015755,0.014717906786590351
MLP2,MLP12,0.015557901611937895,0.01553556827473426
MLP11,L13H11,0.015551930725770999,0.016353229762878167
L16H13,L17H2,0.015550092472911356,0.01553556827473426
MLP1,L13H6,0.015431803195703284,0.01553556827473426
MLP1,L12H6,0.015421188394017703,0.01553556827473426
MLP10,MLP11,0.015226190823993799,0.014717906786590351
L13H11,MLP16,0.015200263153642325,0.017988552739165987
MLP14,L16H4,0.015160357981510558,0.014717906786590351
L17H12,MLP18,0.015011513595502955,0.016353229762878167
MLP12,L17H1,0.014833401989635535,0.014717906786590351
L2H15,MLP3,0.014800841761837706,0.017170891251022075
L15H5,L16H9,0.014771913673560164,0.013900245298446443
MLP7,L13H9,0.01467771907503346,0.014717906786590351
L11H1,L16H13,0.01457435889186219,0.013900245298446443
Input Embed,L13H10,0.014568182042938606,0.013900245298446443
MLP12,L13H2,0.01453820581515768,0.014717906786590351
L9H7,MLP12,0.014451208804437234,0.016353229762878167
L11H8,MLP16,0.014403014773824475,0.014717906786590351
L4H15,MLP12,0.014399362520937676,0.016353229762878167
L16H9,L17H2,0.01439256114499246,0.013900245298446443
L13H6,MLP17,0.014357367135045535,0.013900245298446443
L10H2,MLP16,0.01433114044225081,0.013900245298446443
MLP1,L9H3,0.014306649182052544,0.013900245298446443
L2H15,L10H5,0.014293526080216909,0.013900245298446443
L13H3,L16H4,0.014241023146532935,0.014717906786590351
L18H14,L21H12,0.014038017514667715,0.014717906786590351
MLP4,MLP7,0.013972665540979864,0.013900245298446443
MLP2,L9H3,0.013971411594917747,0.013900245298446443
L17H2,L18H14,0.013832657819131374,0.013082583810302535
MLP0,L11H1,0.013811890493633369,0.013900245298446443
L11H4,MLP12,0.013801632040291568,0.013900245298446443
L12H6,L13H11,0.01375854032761586,0.01553556827473426
MLP9,MLP11,0.013742046849659755,0.013082583810302535
L13H9,MLP14,0.013626962947371138,0.013900245298446443
MLP5,L16H9,0.013614747932887463,0.013082583810302535
L10H2,MLP14,0.013555221548646811,0.013082583810302535
MLP4,L10H2,0.013527331630082014,0.013082583810302535
L20H14,L21H1,0.01351945582707494,0.013082583810302535
MLP0,L10H2,0.013468267560886175,0.013082583810302535
MLP9,MLP12,0.013327562541512789,0.013082583810302535
L20H5,MLP23,0.013253678744950257,0.013900245298446443
L2H14,L10H5,0.013114578904775612,0.013082583810302535
MLP4,MLP13,0.01305523637784964,0.013082583810302535
MLP6,L13H3,0.013034049380332736,0.013900245298446443
MLP9,L12H0,0.013006512886343576,0.013082583810302535
L17H1,MLP18,0.012937325278227172,0.013082583810302535
L13H10,MLP17,0.012924481706438248,0.012264922322158627
MLP3,L10H2,0.012921010744789886,0.013082583810302535
MLP5,L11H8,0.012866893967848911,0.013082583810302535
MLP13,L21H12,0.012849658666002593,0.013082583810302535
L20H5,L24H6,0.012843241666072827,0.014717906786590351
L11H8,L12H6,0.012763786711376887,0.013082583810302535
Input Embed,L10H5,0.012751649806232014,0.012264922322158627
Input Embed,L13H9,0.012743069987476428,0.012264922322158627
MLP13,L15H9,0.012631747124806324,0.013082583810302535
L13H15,MLP16,0.01262435454511992,0.013082583810302535
L2H14,L6H8,0.012587949757493383,0.013082583810302535
MLP6,L10H5,0.01258444061034659,0.012264922322158627
L13H3,MLP27,0.012463162832425202,0.012264922322158627
MLP4,MLP9,0.012448782099724715,0.012264922322158627
MLP5,L9H3,0.012441241076750256,0.012264922322158627
L2H14,MLP9,0.012418039239296482,0.012264922322158627
MLP3,L11H1,0.012398035896332748,0.012264922322158627
MLP13,L16H6,0.012386845827210452,0.013082583810302535
L12H0,L13H6,0.012371935937640409,0.012264922322158627
MLP6,L9H3,0.012341324397852104,0.012264922322158627
MLP7,L11H1,0.012306380460444688,0.012264922322158627
MLP17,MLP21,0.012281184396016304,0.012264922322158627
MLP13,L17H2,0.012270750863111208,0.012264922322158627
L16H13,MLP27,0.012230820353810037,0.012264922322158627
L12H3,L15H5,0.012225352092999542,0.012264922322158627
L13H6,L15H9,0.012199746802553358,0.012264922322158627
Input Embed,L13H6,0.012196839409628978,0.012264922322158627
MLP1,MLP12,0.012185199611791384,0.012264922322158627
L13H11,MLP17,0.012173319007116355,0.013082583810302535
MLP5,MLP13,0.012118061517507356,0.012264922322158627
MLP7,L16H13,0.012091641560847853,0.012264922322158627
MLP13,L21H1,0.012010126090724915,0.012264922322158627
L16H13,L17H12,0.012001191965188928,0.012264922322158627
L16H4,L17H1,0.01200083678025634,0.012264922322158627
MLP2,L4H15,0.011975369010171912,0.012264922322158627
MLP9,L16H4,0.011938333388165885,0.012264922322158627
MLP11,MLP17,0.011895305880191252,0.011447260834014717
MLP3,L6H0,0.011880067480651256,0.013900245298446443
L12H6,MLP27,0.011844523048763465,0.011447260834014717
L12H13,L13H9,0.011789808374625323,0.012264922322158627
MLP4,L16H13,0.011707901881817992,0.011447260834014717
MLP9,L12H6,0.011425634670716178,0.011447260834014717
MLP6,L16H13,0.011415047993088295,0.011447260834014717
MLP5,L11H1,0.011410413597634766,0.011447260834014717
L2H14,L9H5,0.011370068157798046,0.012264922322158627
L6H0,L9H3,0.011308555472814955,0.011447260834014717
MLP10,L13H10,0.011294491797356044,0.01062959934587081
MLP2,L13H9,0.011286256392368271,0.011447260834014717
MLP13,MLP14,0.011265081797979856,0.011447260834014717
L6H8,MLP11,0.011229897990190996,0.011447260834014717
MLP0,L2H15,0.011208040235635541,0.011447260834014717
MLP2,L10H2,0.011204406122181317,0.011447260834014717
L17H14,MLP27,0.011178988606691954,0.01062959934587081
MLP0,L16H4,0.011174196288604473,0.011447260834014717
MLP6,L11H9,0.011163634023094518,0.01062959934587081
MLP6,L11H5,0.011136717575476462,0.01062959934587081
MLP2,L6H0,0.01113218413118118,0.012264922322158627
L14H13,MLP16,0.0111252814665399,0.01062959934587081
L15H5,MLP19,0.011119116734125509,0.01062959934587081
L13H10,L16H8,0.011104002757634821,0.01062959934587081
L9H15,MLP11,0.01104597611341359,0.01062959934587081
MLP10,L16H13,0.011012997220873599,0.01062959934587081
L9H15,MLP12,0.011012267672231561,0.01062959934587081
MLP10,L13H6,0.011007364090689914,0.01062959934587081
L17H15,MLP27,0.010971343988235443,0.01062959934587081
MLP4,L15H5,0.010858790908937415,0.01062959934587081
MLP6,L12H13,0.010804305232835171,0.01062959934587081
MLP9,L15H9,0.010795533627423092,0.01062959934587081
L18H3,MLP19,0.010720588522958699,0.01062959934587081
MLP2,L10H5,0.010630462800153347,0.01062959934587081
MLP11,L16H6,0.010618645271400077,0.01062959934587081
MLP1,L11H1,0.010569056188847724,0.01062959934587081
L17H2,L21H12,0.010495671322982597,0.01062959934587081
MLP0,MLP12,0.010484421465604398,0.01062959934587081
L12H0,L13H13,0.010478446787237774,0.009811937857726901
Input Embed,L6H7,0.010476395071489593,0.009811937857726901
L12H0,L16H9,0.010435613768663482,0.009811937857726901
MLP6,L9H5,0.010386126634114173,0.011447260834014717
L16H8,L17H1,0.010382527576627186,0.009811937857726901
L17H2,L20H5,0.010371912985764172,0.01062959934587081
MLP4,MLP11,0.010295370902220677,0.009811937857726901
L25H0,Residual Output: no_tool,0.010256261159562107,0.009811937857726901
MLP11,L12H13,0.010248253101499134,0.009811937857726901
MLP1,L10H2,0.010195786231746004,0.009811937857726901
MLP12,L17H15,0.010131386734478538,0.009811937857726901
L15H5,MLP18,0.010082492427707408,0.009811937857726901
MLP18,MLP27,0.010024528311661137,0.009811937857726901
MLP12,L18H14,0.009914643909179751,0.009811937857726901
MLP3,L13H6,0.009889951763914192,0.009811937857726901
L12H10,MLP16,0.00986233424989446,0.009811937857726901
L2H14,L12H6,0.009824774481587297,0.01062959934587081
MLP13,L24H6,0.009803796926088343,0.009811937857726901
L4H15,L10H2,0.009687827319737859,0.009811937857726901
Input Embed,L12H13,0.009595535084908227,0.009811937857726901
L16H4,MLP20,0.009584099272089416,0.009811937857726901
MLP7,L12H0,0.009579152760784316,0.009811937857726901
MLP5,L13H3,0.009546936342596919,0.01062959934587081
L2H14,MLP4,0.009535905025136394,0.009811937857726901
L11H1,L16H9,0.009528643840948384,0.008994276369582993
L2H14,MLP10,0.009517840135821897,0.008994276369582993
MLP14,L17H2,0.009513815759009418,0.008994276369582993
MLP7,L11H8,0.009506968550919703,0.009811937857726901
MLP15,L17H8,0.009443644527401597,0.008994276369582993
MLP3,L16H9,0.009427684915850457,0.008994276369582993
L10H2,MLP13,0.009401015651102088,0.009811937857726901
MLP4,MLP10,0.00935272040990258,0.008994276369582993
L11H5,MLP13,0.009341014124681805,0.008994276369582993
MLP1,MLP9,0.009296824011923908,0.008994276369582993
MLP5,L10H5,0.009277721905405403,0.008994276369582993
MLP16,MLP20,0.009213204013443329,0.008994276369582993
MLP1,L12H0,0.009178303806630261,0.008994276369582993
MLP9,L16H9,0.00911946868107017,0.008994276369582993
L12H13,MLP16,0.009109141849702247,0.008994276369582993
L12H13,MLP13,0.009103915621408455,0.009811937857726901
L11H9,L12H6,0.009091509983467428,0.008994276369582993
MLP3,L16H13,0.009070035766464894,0.008994276369582993
MLP15,MLP17,0.009035146707147092,0.008994276369582993
MLP17,L18H3,0.008996196908886579,0.008994276369582993
MLP11,L13H6,0.008971884827980892,0.008994276369582993
L9H5,MLP16,0.008925381967378947,0.008994276369582993
L14H5,MLP16,0.00880355283411621,0.008994276369582993
L12H0,L13H9,0.008781037570882241,0.008994276369582993
MLP9,L13H9,0.008740990708588994,0.008994276369582993
L11H5,L13H3,0.008713532100655567,0.008176614881439084
Input Embed,L11H8,0.00869947498811171,0.008994276369582993
MLP6,MLP13,0.00869048489481666,0.008994276369582993
MLP14,L16H9,0.008687149524761288,0.008994276369582993
L10H2,L11H9,0.00867588501959331,0.008176614881439084
L9H3,MLP10,0.008664633090728768,0.008176614881439084
L21H0,MLP27,0.008650043542284462,0.008176614881439084
MLP3,L12H0,0.008620861822972963,0.008176614881439084
L11H1,L12H0,0.008601894729949091,0.008176614881439084
L13H3,MLP15,0.008600157851444258,0.008176614881439084
L9H5,MLP10,0.008592859992904923,0.008176614881439084
MLP14,L21H12,0.008582613627584609,0.008176614881439084
MLP11,L14H13,0.008567698891632674,0.008176614881439084
MLP6,L16H9,0.00853580879645797,0.008176614881439084
MLP8,L13H3,0.008523551150985607,0.008176614881439084
L15H5,L17H8,0.008520012163712206,0.008176614881439084
MLP17,L25H0,0.00851938465582513,0.008176614881439084
MLP1,L13H3,0.008518621906503177,0.008994276369582993
MLP4,L16H9,0.008516930081593772,0.008176614881439084
L27H15,Residual Output: no_tool,0.00850923475875707,0.008176614881439084
L11H1,MLP17,0.008464889878191995,0.008176614881439084
L12H13,MLP27,0.008443786257903589,0.008176614881439084
L21H1,MLP22,0.00842459234795221,0.008994276369582993
L2H14,L9H3,0.008398891796698301,0.008176614881439084
L9H5,L12H3,0.008396779765327239,0.008176614881439084
MLP9,L11H8,0.008395482936583392,0.008176614881439084
MLP5,MLP9,0.008390069133539946,0.008176614881439084
MLP0,L12H0,0.008388010462639572,0.008176614881439084
MLP0,MLP9,0.008357621792877402,0.008176614881439084
MLP0,L2H14,0.008348604668283402,0.008176614881439084
L15H9,L16H9,0.00834007135984766,0.008176614881439084
MLP5,L13H10,0.008332728897581614,0.008176614881439084
MLP1,L2H14,0.008302592812195742,0.008176614881439084
L17H12,MLP20,0.00829732958173738,0.008994276369582993
MLP5,L13H6,0.008295671846099447,0.008176614881439084
L13H13,L16H8,0.008277763102849616,0.008176614881439084
MLP16,L19H6,0.00825508117444205,0.008176614881439084
L2H15,L11H8,0.008253723671095893,0.008176614881439084
L9H5,MLP11,0.008215936159819727,0.008176614881439084
L12H3,MLP15,0.0081509965874817,0.008176614881439084
L12H0,MLP17,0.008116703074836983,0.008176614881439084
MLP7,L13H3,0.00809977444885576,0.008176614881439084
L16H8,L18H14,0.008098564806605263,0.008176614881439084
MLP14,L15H9,0.008083209960895451,0.008176614881439084
MLP13,L23H6,0.008059929452500775,0.008176614881439084
L13H9,L15H9,0.008055708663705412,0.008176614881439084
L10H5,L12H6,0.00803119672571798,0.008176614881439084
L13H2,MLP17,0.008011073350068093,0.008176614881439084
MLP2,L16H13,0.008010233807191715,0.008176614881439084
L16H13,MLP19,0.007998451676389656,0.008176614881439084
MLP1,MLP7,0.007975743705044534,0.008176614881439084
L2H15,MLP4,0.007973981920268639,0.008994276369582993
L6H0,L9H7,0.007902726656867792,0.008994276369582993
MLP0,L6H0,0.007872379070252929,0.008176614881439084
L9H3,L12H0,0.007863542365113439,0.007358953393295176
MLP3,L4H15,0.0078141514360324,0.008176614881439084
MLP5,L9H5,0.0078061550274579295,0.008176614881439084
MLP0,MLP13,0.0077977761713122744,0.008176614881439084
MLP10,L11H5,0.007785486731797994,0.007358953393295176
MLP17,L21H0,0.007784082109999974,0.007358953393295176
MLP3,MLP10,0.007783584735594545,0.007358953393295176
MLP17,L27H15,0.00776366575331631,0.007358953393295176
MLP4,L13H10,0.007735037604758166,0.007358953393295176
L24H6,L25H0,0.007724582199289773,0.007358953393295176
MLP12,MLP14,0.007716195119550265,0.007358953393295176
MLP8,L16H8,0.007715722836148978,0.007358953393295176
MLP16,L18H3,0.007714964184143478,0.007358953393295176
MLP14,L21H1,0.0077139010857872415,0.007358953393295176
L6H0,L11H4,0.007697298755835754,0.008176614881439084
L10H5,L11H9,0.007696030231550539,0.007358953393295176
MLP1,L6H0,0.007660825338105592,0.008176614881439084
MLP11,L12H10,0.007658234275999504,0.007358953393295176
MLP6,L15H5,0.007652137700228014,0.007358953393295176
MLP19,L23H5,0.007646638466973823,0.007358953393295176
L9H5,L10H2,0.0076042908170197735,0.008176614881439084
L18H14,MLP20,0.007601364549715364,0.008176614881439084
MLP15,L17H2,0.007600040801265496,0.007358953393295176
MLP1,L2H15,0.007566112482165859,0.008176614881439084
MLP11,L14H5,0.007543409586451628,0.007358953393295176
MLP9,L11H9,0.0075395977257038576,0.007358953393295176
L17H8,L21H1,0.0075356207932541774,0.007358953393295176
L12H0,L13H10,0.007534390966715471,0.007358953393295176
L13H3,L16H13,0.007525322673057815,0.008176614881439084
L2H14,L11H1,0.007505742020063939,0.007358953393295176
MLP3,L11H5,0.0074916617706105425,0.007358953393295176
MLP1,L16H13,0.007472965926967607,0.007358953393295176
MLP11,L21H12,0.0074619427684262255,0.007358953393295176
MLP5,L9H15,0.007453553392637826,0.007358953393295176
L4H15,MLP6,0.007328766675269606,0.007358953393295176
MLP1,L11H8,0.007321035535726135,0.007358953393295176
L13H13,MLP17,0.007262603930804906,0.007358953393295176
MLP2,L11H8,0.007241257001628521,0.007358953393295176
MLP9,L16H13,0.007227091928355523,0.007358953393295176
MLP22,MLP27,0.007227022107528765,0.007358953393295176
L2H14,L11H8,0.007214426784845091,0.007358953393295176
MLP12,L13H15,0.007179179776735809,0.008176614881439084
L9H5,MLP13,0.007178138425558909,0.007358953393295176
L16H13,MLP20,0.007103783543500661,0.007358953393295176
L11H4,L12H6,0.007103307058193371,0.007358953393295176
L6H0,MLP7,0.007067992119082001,0.007358953393295176
MLP4,L6H0,0.007061672245621408,0.007358953393295176
L9H7,L12H6,0.007028152471658104,0.008176614881439084
L20H14,MLP21,0.006986268180783251,0.006541291905151268
MLP7,L15H9,0.006986137048399961,0.007358953393295176
L11H8,L13H6,0.0069759090887508285,0.007358953393295176
MLP1,MLP10,0.006973103969847262,0.006541291905151268
L12H0,L13H3,0.006966947754743371,0.006541291905151268
L20H14,L21H0,0.0069249635664369626,0.006541291905151268
L17H1,MLP27,0.006904446227426807,0.006541291905151268
MLP9,L11H5,0.006902270697268263,0.006541291905151268
MLP3,L10H5,0.006882943508130751,0.006541291905151268
MLP0,L13H6,0.006882901414356825,0.006541291905151268
L17H12,L18H14,0.006881204732019524,0.006541291905151268
MLP1,L13H10,0.006879863597439954,0.006541291905151268
MLP5,L12H0,0.006833971854122499,0.006541291905151268
L2H15,L9H15,0.006830536181294801,0.006541291905151268
L11H9,MLP16,0.006826497428100322,0.006541291905151268
L11H1,MLP15,0.006815579349297135,0.006541291905151268
L14H13,L16H8,0.006803652879572368,0.006541291905151268
MLP0,L16H9,0.006793320494972322,0.006541291905151268
MLP11,MLP15,0.006785730406060425,0.006541291905151268
MLP0,MLP7,0.00677233447505555,0.006541291905151268
L12H6,L15H9,0.0067709550650170095,0.007358953393295176
MLP1,L16H9,0.0067641482669206325,0.006541291905151268
MLP0,L9H3,0.006727165080871492,0.006541291905151268
MLP2,L13H3,0.006718703500412527,0.007358953393295176
MLP16,L17H15,0.006704832718661309,0.006541291905151268
MLP3,L9H5,0.006693094308097745,0.006541291905151268
L2H14,L9H15,0.006667011004545737,0.006541291905151268
MLP15,L17H12,0.006633052205316067,0.006541291905151268
L21H12,L23H5,0.006608276005468582,0.006541291905151268
MLP1,L13H9,0.006593510889732592,0.006541291905151268
L13H9,L16H13,0.0065718801988725204,0.006541291905151268
L9H15,L12H6,0.006547643461441783,0.006541291905151268
MLP2,L11H9,0.006547225077579061,0.006541291905151268
MLP2,L11H1,0.006537538179086104,0.006541291905151268
MLP12,MLP19,0.006510840639292242,0.006541291905151268
L12H3,MLP16,0.006468405945220773,0.006541291905151268
MLP20,MLP22,0.006460955050660354,0.006541291905151268
MLP5,L16H13,0.0064564524442464214,0.006541291905151268
MLP4,L11H8,0.006424671024476532,0.006541291905151268
L2H14,MLP13,0.006379621128259352,0.006541291905151268
Input Embed,MLP13,0.006351912079929966,0.006541291905151268
L4H15,L10H5,0.006315597797648078,0.006541291905151268
L9H3,L12H3,0.006285936723863248,0.006541291905151268
L4H15,L12H6,0.006194400644559886,0.007358953393295176
MLP13,L18H14,0.006113009599958486,0.006541291905151268
MLP17,L18H11,0.0060652142600820785,0.005723630417007359
MLP6,MLP9,0.006047974336993115,0.005723630417007359
L11H5,L12H0,0.006022655940954063,0.005723630417007359
MLP6,L16H6,0.006006640430228973,0.005723630417007359
MLP10,L13H9,0.006003752826528389,0.005723630417007359
MLP8,L11H1,0.006001798156801699,0.005723630417007359
L17H12,L21H12,0.005975582926109482,0.005723630417007359
MLP7,L16H9,0.00597426659564219,0.005723630417007359
L2H15,L9H5,0.005973568158604973,0.006541291905151268
L12H10,L15H5,0.005973115216333594,0.005723630417007359
MLP14,L20H5,0.005968587010699987,0.005723630417007359
L9H3,L11H1,0.00595411845263829,0.005723630417007359
MLP3,L13H10,0.005939668308110148,0.005723630417007359
MLP0,L11H9,0.005903481834843852,0.005723630417007359
L10H5,MLP16,0.005885901429062541,0.005723630417007359
L17H8,L20H14,0.005879690725036945,0.005723630417007359
MLP9,L13H3,0.005858221018252769,0.005723630417007359
MLP3,L13H13,0.00584903895473792,0.005723630417007359
MLP5,L15H9,0.005846765091855178,0.005723630417007359
L2H14,L11H5,0.005831220058340743,0.005723630417007359
MLP5,L11H4,0.005828026329017112,0.005723630417007359
MLP5,L9H7,0.0058242254713580235,0.006541291905151268
MLP12,L14H13,0.0058178113375490295,0.005723630417007359
L16H8,L20H5,0.005805272381869961,0.006541291905151268
MLP3,L13H3,0.005800947399118378,0.005723630417007359
MLP11,L17H1,0.00579922036381805,0.005723630417007359
L15H9,L16H13,0.00578515323004212,0.006541291905151268
L9H3,L10H2,0.005757010603483827,0.005723630417007359
L12H3,MLP17,0.005747796027923569,0.005723630417007359
L9H3,L11H8,0.00574155014522623,0.005723630417007359
MLP0,L16H13,0.005716768366936646,0.005723630417007359
MLP2,L6H8,0.005661894568581515,0.005723630417007359
MLP17,L19H6,0.005631650090023464,0.005723630417007359
L17H8,L24H6,0.005611402969901338,0.006541291905151268
L2H14,L11H4,0.005593022024405279,0.005723630417007359
L14H5,L16H8,0.005583962797011491,0.005723630417007359
L12H10,L13H3,0.005561006771636299,0.005723630417007359
L9H3,MLP15,0.00554521089658914,0.005723630417007359
L13H3,L15H9,0.005410406029950883,0.005723630417007359
L17H12,L20H5,0.005384678419758346,0.005723630417007359
L16H4,L18H14,0.005332978968114279,0.005723630417007359
L11H5,L13H10,0.005253130373030786,0.004905968928863451
L6H7,MLP9,0.005248636382694708,0.004905968928863451
L13H13,L15H5,0.0052410904011860136,0.004905968928863451
L13H3,MLP14,0.005207517933952711,0.004905968928863451
L11H5,MLP15,0.005206760083847063,0.004905968928863451
MLP16,L18H11,0.005188085087607317,0.004905968928863451
L9H7,MLP16,0.005187460911298668,0.005723630417007359
L13H10,L15H9,0.005171139880951455,0.004905968928863451
MLP13,L17H15,0.005170393319372354,0.004905968928863451
L26H9,Residual Output: no_tool,0.005163208900863494,0.004905968928863451
MLP17,L26H9,0.005163208900863494,0.004905968928863451
MLP4,L13H3,0.005152413285258681,0.005723630417007359
MLP10,MLP16,0.0051412781836742815,0.004905968928863451
L13H9,MLP15,0.005124776175393601,0.004905968928863451
L9H5,L11H1,0.005112425193653777,0.004905968928863451
L6H0,L9H5,0.005111140232072938,0.005723630417007359
L16H6,MLP27,0.005105319213205801,0.004905968928863451
MLP7,L12H6,0.005100520171583392,0.004905968928863451
MLP9,L11H1,0.00509663937911048,0.004905968928863451
MLP23,MLP27,0.005081741337367319,0.004905968928863451
L16H9,L20H5,0.005077104255860232,0.004905968928863451
MLP11,L16H12,0.005075273360007426,0.004905968928863451
MLP13,MLP15,0.005063617415060357,0.004905968928863451
MLP0,L13H13,0.005054135990359319,0.004905968928863451
MLP6,L15H9,0.005052055120920961,0.004905968928863451
MLP11,L24H6,0.005050497634249319,0.004905968928863451
MLP3,L11H9,0.005048462390488258,0.004905968928863451
L2H15,L11H9,0.005033344494882032,0.004905968928863451
L11H1,L13H15,0.005020372987169071,0.004905968928863451
MLP15,L18H14,0.005014600426733037,0.004905968928863451
MLP0,L10H5,0.0049735735259719745,0.004905968928863451
MLP7,L17H8,0.004964193258655151,0.004905968928863451
MLP3,MLP9,0.0049628907171803145,0.004905968928863451
MLP5,L12H13,0.004946890583436601,0.004905968928863451
L17H12,L21H1,0.0049393851408718785,0.004905968928863451
L4H15,L11H8,0.004931547090220274,0.004905968928863451
L19H6,L21H12,0.004920162006106352,0.004905968928863451
MLP6,L11H8,0.004917936272628707,0.004905968928863451
L6H0,L11H1,0.004906350125627778,0.004905968928863451
L23H5,MLP27,0.004868765653551938,0.004905968928863451
MLP2,L13H6,0.004866189821558189,0.004905968928863451
MLP14,MLP17,0.004861493628378376,0.004905968928863451
MLP9,L17H2,0.0048502093169238945,0.004905968928863451
L6H8,L10H5,0.004848048602213021,0.004905968928863451
L12H0,MLP13,0.004843340747111848,0.004905968928863451
MLP10,L11H8,0.004792792966850354,0.004905968928863451
MLP2,L11H4,0.0047750403767592,0.004905968928863451
MLP2,L9H5,0.004713621198325717,0.004905968928863451
L9H3,L11H5,0.004710132686298661,0.004905968928863451
MLP25,Residual Output: no_tool,0.004707780281693719,0.004905968928863451
L24H6,MLP25,0.004707780281693719,0.004905968928863451
L6H0,MLP13,0.004621658664212451,0.004905968928863451
MLP12,L13H13,0.0045753819717466015,0.004905968928863451
Input Embed,L6H8,0.004566025417190106,0.004905968928863451
L4H15,L6H0,0.004422751068950325,0.004905968928863451
L2H15,L9H7,0.004398520434164564,0.004905968928863451
L6H7,L13H6,0.004380156358302382,0.004088307440719542
MLP10,L16H9,0.004365609632995368,0.004088307440719542
MLP3,L15H5,0.0043590645581998815,0.004088307440719542
L11H5,L15H5,0.004356985951503749,0.004088307440719542
MLP6,L12H0,0.004339505140101064,0.004088307440719542
L12H3,L13H9,0.004338830316552219,0.004088307440719542
L16H9,L20H14,0.004331991054959805,0.004088307440719542
L23H5,L24H6,0.0043222316642722485,0.004088307440719542
MLP1,L15H5,0.004321934058810227,0.004088307440719542
MLP10,L13H15,0.0043213734258542545,0.004088307440719542
L17H14,L20H14,0.004312785559528635,0.004088307440719542
MLP26,MLP27,0.004309759388337844,0.004088307440719542
MLP0,MLP10,0.004306871496172392,0.004088307440719542
MLP4,L11H5,0.004305584847107743,0.004088307440719542
MLP5,MLP10,0.004303663697325069,0.004088307440719542
L11H8,MLP14,0.004303325450357281,0.004088307440719542
Input Embed,L8H3,0.004284301855817009,0.004088307440719542
L8H3,MLP12,0.004284301855817009,0.004088307440719542
L9H3,L16H8,0.0042769097312193435,0.004088307440719542
L17H14,MLP18,0.004269453973230672,0.004088307440719542
MLP15,L21H1,0.004261621761240668,0.004088307440719542
MLP2,L12H0,0.004260690524393518,0.004088307440719542
MLP10,L12H6,0.0042559515986438,0.004088307440719542
MLP4,L12H3,0.004232917280509507,0.004088307440719542
L10H5,L11H8,0.004231907255434725,0.004088307440719542
MLP10,L12H10,0.004227351367511857,0.004088307440719542
L11H5,L16H8,0.004223247330489062,0.004088307440719542
L15H5,L16H13,0.0042225547737955805,0.004088307440719542
L13H6,L14H13,0.0042213160297061535,0.004088307440719542
MLP16,L27H15,0.004216733480189087,0.004088307440719542
MLP2,L11H5,0.004214091759766101,0.004088307440719542
MLP6,MLP10,0.004211743879584002,0.004088307440719542
MLP11,L21H1,0.00420693487543392,0.004088307440719542
MLP8,L13H6,0.004201209368264974,0.004088307440719542
L12H6,MLP14,0.0041998425528691815,0.004088307440719542
MLP9,L13H13,0.004193666660173559,0.004088307440719542
L11H8,MLP13,0.004186391478209621,0.004088307440719542
MLP4,MLP8,0.0041857572510099385,0.004088307440719542
MLP11,L20H5,0.004181280130247891,0.004088307440719542
MLP10,MLP12,0.004180783130948229,0.004088307440719542
L2H15,MLP10,0.004169687487237255,0.004088307440719542
MLP14,MLP15,0.004164189149709709,0.004088307440719542
MLP12,MLP15,0.004159924349134395,0.004088307440719542
MLP15,L16H13,0.004156298483328715,0.004088307440719542
L9H7,MLP11,0.0041476502732913645,0.004088307440719542
L14H5,MLP17,0.00414324379369732,0.004088307440719542
MLP11,L13H15,0.004141841386776763,0.004088307440719542
MLP17,L23H5,0.004127080163205968,0.004088307440719542
L13H6,L16H13,0.004126685678346521,0.004088307440719542
L2H15,L10H2,0.004120503725001098,0.004088307440719542
L2H15,L6H8,0.004113166185789784,0.004088307440719542
MLP4,L9H5,0.0041011850041784955,0.004088307440719542
MLP1,L12H10,0.004099737515138786,0.004088307440719542
MLP3,MLP7,0.004093611521222285,0.004088307440719542
L13H9,L15H5,0.004070298973500941,0.004088307440719542
MLP6,L11H4,0.004056582334257497,0.004088307440719542
MLP4,L12H13,0.004039606575949016,0.004088307440719542
L9H5,L13H3,0.0039967048132168535,0.004088307440719542
L21H1,MLP23,0.0039940347854813376,0.004088307440719542
MLP9,MLP16,0.003985877357593091,0.004088307440719542
Input Embed,L12H3,0.003971860328557081,0.004088307440719542
MLP14,L16H13,0.003964820742101138,0.004088307440719542
MLP5,MLP7,0.003948243675595451,0.004088307440719542
MLP0,L13H3,0.003933164736878086,0.004088307440719542
MLP1,MLP13,0.003897895089777067,0.004088307440719542
L6H0,L10H2,0.003838694633558416,0.004088307440719542
Input Embed,L3H14,0.003785893834097758,0.004088307440719542
L12H6,L13H13,0.0037729874620440395,0.004088307440719542
MLP3,L9H7,0.003677576984932161,0.004088307440719542
MLP5,L11H5,0.0035055986128714614,0.003270645952575634
L6H7,L13H10,0.003505377441628913,0.003270645952575634
MLP10,L17H2,0.003482709957334158,0.003270645952575634
L13H9,MLP19,0.0034804239490995566,0.003270645952575634
L14H13,L16H4,0.003479295508991674,0.003270645952575634
MLP11,L13H10,0.0034774198093793403,0.003270645952575634
L14H13,L15H5,0.0034669964017479686,0.003270645952575634
MLP3,L13H2,0.0034660581353489154,0.003270645952575634
L10H5,L11H5,0.0034578706393560295,0.003270645952575634
L9H3,L10H5,0.0034338077322336423,0.003270645952575634
L18H3,MLP27,0.003432951203670171,0.003270645952575634
MLP8,L15H5,0.00343184539066524,0.003270645952575634
MLP3,L11H8,0.003429986038281628,0.003270645952575634
MLP5,L12H3,0.0034254120757275432,0.003270645952575634
L13H11,L16H8,0.0034227606081976398,0.004905968928863451
L2H15,L9H3,0.003419758565044091,0.003270645952575634
L4H15,L11H9,0.0034195260066070335,0.003270645952575634
MLP3,L15H9,0.0034169186931195983,0.003270645952575634
L11H9,MLP14,0.0034126663005115145,0.003270645952575634
L11H1,MLP27,0.0034124773989326427,0.003270645952575634
MLP1,L11H5,0.003409822022850786,0.003270645952575634
L11H5,MLP14,0.0034035721496680897,0.003270645952575634
L9H5,L15H5,0.003397605496950099,0.003270645952575634
MLP0,L15H9,0.003396329491350211,0.003270645952575634
MLP15,L21H12,0.003384388055944183,0.003270645952575634
L11H8,MLP17,0.0033803571364349385,0.003270645952575634
MLP8,L16H4,0.003375317434801421,0.003270645952575634
MLP1,L4H15,0.003374291027605759,0.003270645952575634
L13H10,L14H13,0.0033667953563996946,0.003270645952575634
MLP5,L15H5,0.003366692210930513,0.003270645952575634
L17H2,L24H6,0.0033609517769033143,0.004088307440719542
MLP5,L11H9,0.0033590634974335334,0.003270645952575634
L16H4,MLP21,0.0033567343908212466,0.003270645952575634
MLP0,L15H5,0.0033535505590251862,0.003270645952575634
L2H15,MLP9,0.00335145267243067,0.003270645952575634
Input Embed,L9H15,0.003351072331164724,0.003270645952575634
L13H10,MLP15,0.003348411884379431,0.003270645952575634
MLP2,MLP9,0.003347229067037612,0.003270645952575634
L2H14,MLP8,0.0033448458212012597,0.003270645952575634
MLP1,L15H9,0.003343087525557322,0.003270645952575634
L19H6,MLP27,0.0033349191683356974,0.003270645952575634
MLP11,L17H15,0.003333030298349278,0.003270645952575634
L13H15,L16H8,0.0033206988894509287,0.003270645952575634
MLP8,L16H13,0.0033115740267561627,0.003270645952575634
L2H14,L12H13,0.0033092503618821906,0.003270645952575634
L17H8,MLP23,0.003307932638808122,0.003270645952575634
MLP7,L15H5,0.0033043585495763543,0.003270645952575634
L11H1,L13H10,0.003303236810045058,0.003270645952575634
L11H5,L13H9,0.003293375435030865,0.003270645952575634
MLP12,L14H5,0.003289973942208671,0.003270645952575634
L14H13,MLP17,0.003285047676812811,0.003270645952575634
MLP11,L13H2,0.003210845944945585,0.003270645952575634
Input Embed,L9H7,0.0032051434163636546,0.003270645952575634
MLP0,L12H13,0.0031965699746812058,0.003270645952575634
MLP2,L16H9,0.0031808330186110655,0.003270645952575634
MLP8,L13H2,0.0031726661017961195,0.003270645952575634
MLP3,MLP13,0.003168266361520067,0.003270645952575634
L6H0,L11H8,0.0031545196370656213,0.003270645952575634
MLP4,L13H13,0.0031380930869781107,0.003270645952575634
MLP13,MLP19,0.003137871807794878,0.003270645952575634
MLP18,MLP20,0.003134143811112668,0.003270645952575634
MLP2,L9H7,0.0031114275335956893,0.003270645952575634
L6H8,MLP17,0.003051011007262883,0.003270645952575634
L2H14,L11H9,0.0030480216396084514,0.003270645952575634
L11H4,MLP13,0.003037881160200045,0.003270645952575634
MLP6,L9H7,0.003033890765567386,0.003270645952575634
MLP7,L12H10,0.002958115109696745,0.003270645952575634
L9H5,L12H6,0.00294868122238888,0.003270645952575634
L12H6,L13H2,0.0029297458414570474,0.003270645952575634
MLP2,MLP7,0.002855073836400552,0.003270645952575634
L16H8,MLP21,0.002691841623908776,0.003270645952575634
MLP14,MLP19,0.002630340627666655,0.0024529844644317253
MLP0,L13H10,0.002630270406576145,0.0024529844644317253
L9H5,L12H0,0.0026287583250479978,0.0024529844644317253
MLP2,MLP10,0.002624909126196901,0.0024529844644317253
MLP2,L13H10,0.0026247984387300517,0.0024529844644317253
Input Embed,L13H13,0.0026216440185956387,0.0024529844644317253
MLP10,L17H12,0.0026200688914525044,0.0024529844644317253
L2H14,L6H7,0.0026153414343623705,0.0024529844644317253
L6H7,MLP10,0.00261278659110721,0.0024529844644317253
MLP0,L11H5,0.0026076832848514492,0.0024529844644317253
L17H14,MLP20,0.002607635080458093,0.0024529844644317253
L12H13,L16H8,0.0026066813226797714,0.0024529844644317253
L23H6,L25H0,0.002606312830501616,0.0024529844644317253
L10H2,L15H9,0.0026047700724401335,0.0024529844644317253
MLP7,L13H10,0.002602697270218962,0.0024529844644317253
MLP6,L9H15,0.0025969106703657087,0.0024529844644317253
L17H12,L20H14,0.0025961371612603684,0.0024529844644317253
L12H0,L16H13,0.002592640950908709,0.0024529844644317253
MLP8,L13H10,0.0025893748497951333,0.0024529844644317253
L8H3,L13H3,0.0025862456832284756,0.0024529844644317253
MLP3,MLP8,0.002583829699698024,0.0024529844644317253
L18H11,MLP27,0.0025838233843726824,0.0024529844644317253
L10H2,L13H9,0.00258151847702556,0.0024529844644317253
L23H6,L26H9,0.0025811220914580017,0.0024529844644317253
L11H5,MLP17,0.0025811220914580017,0.0024529844644317253
Input Embed,L9H2,0.0025804153847210263,0.0024529844644317253
L17H12,L18H3,0.0025786719374761434,0.0024529844644317253
L26H9,MLP27,0.002576335085295194,0.0024529844644317253
MLP11,MLP19,0.002576190913692695,0.0024529844644317253
Input Embed,L10H4,0.0025723571326876538,0.0024529844644317253
L16H1,MLP17,0.002571194838392719,0.0024529844644317253
L11H6,MLP16,0.002570091715677279,0.0024529844644317253
MLP2,L9H15,0.0025632506394373355,0.0024529844644317253
MLP8,L12H6,0.0025620808939435047,0.0024529844644317253
MLP8,L16H9,0.0025620808939435047,0.0024529844644317253
L2H15,L11H5,0.0025600165190091794,0.0024529844644317253
MLP6,L13H6,0.002558417526415693,0.0024529844644317253
MLP15,L20H5,0.002552399721890516,0.0024529844644317253
MLP8,L11H5,0.0025509341816656087,0.0024529844644317253
MLP9,MLP14,0.0025500806255241014,0.0024529844644317253
L18H14,L20H14,0.0025500033894109444,0.0024529844644317253
L9H15,L10H5,0.002549295604838797,0.0024529844644317253
L17H2,L21H1,0.002547155748345674,0.0024529844644317253
MLP8,L12H0,0.0025293568252067146,0.0024529844644317253
L8H10,MLP10,0.0025255503659729985,0.0024529844644317253
Input Embed,L8H10,0.0025255503659729985,0.0024529844644317253
L9H3,L16H4,0.002523397993860498,0.0024529844644317253
L10H2,L13H3,0.0025172585886075265,0.0024529844644317253
MLP3,L6H8,0.0025103244499637546,0.0024529844644317253
L13H6,MLP14,0.0025092794089547634,0.0024529844644317253
MLP1,MLP8,0.002505537838885063,0.0024529844644317253
L16H12,MLP17,0.00250407770806529,0.0024529844644317253
L9H3,L13H6,0.0025020756741050668,0.0024529844644317253
MLP1,L10H5,0.0024930360771389217,0.0024529844644317253
MLP8,L15H9,0.0024929197915869263,0.0024529844644317253
MLP6,MLP8,0.002491144266309147,0.0024529844644317253
MLP2,L14H5,0.002490343357646776,0.0024529844644317253
MLP2,L13H13,0.002484464121148994,0.0024529844644317253
MLP9,L17H8,0.0024791217837633614,0.0024529844644317253
L9H5,L12H10,0.002477754422384319,0.0024529844644317253
L11H5,L16H4,0.002471533408210351,0.0024529844644317253
L9H3,L13H13,0.0024704899844427597,0.0024529844644317253
L6H0,L10H5,0.0024700398971404885,0.0024529844644317253
L13H2,MLP16,0.0024659211090493024,0.0024529844644317253
L2H14,L13H13,0.002463620961045865,0.0024529844644317253
Input Embed,L5H13,0.002459641101783881,0.0024529844644317253
L10H2,MLP15,0.0024571572753039573,0.0024529844644317253
MLP12,L16H12,0.002454480032336517,0.0024529844644317253
L11H1,L12H10,0.002450048938312523,0.0024529844644317253
MLP5,L13H13,0.0024425541142222285,0.0024529844644317253
L9H3,MLP13,0.0024375780344584055,0.0024529844644317253
L10H4,MLP16,0.0024291181108338127,0.0024529844644317253
L17H1,L18H14,0.0024268572448605252,0.0024529844644317253
MLP4,L15H9,0.0024235674159225912,0.0024529844644317253
L15H5,L17H12,0.0024211338606650716,0.0024529844644317253
MLP2,MLP13,0.0024200232687022244,0.0024529844644317253
MLP6,L13H2,0.0024189098616567645,0.0024529844644317253
MLP10,L15H9,0.002416366881655802,0.0024529844644317253
L13H3,L14H5,0.002409608225950232,0.0024529844644317253
L11H8,L16H4,0.0023926807108129796,0.0024529844644317253
L11H8,L16H8,0.0023926807108129796,0.0024529844644317253
MLP9,MLP13,0.002369540480884036,0.0024529844644317253
L23H6,MLP25,0.002365358533699131,0.0024529844644317253
MLP9,MLP10,0.0023470831054664613,0.0024529844644317253
L6H0,MLP9,0.002326519273792491,0.0024529844644317253
L17H8,MLP21,0.0023195568304447602,0.0024529844644317253
L14H5,L16H13,0.0023194219564725595,0.0024529844644317253
MLP19,MLP22,0.002311594671950553,0.0024529844644317253
L16H6,L17H8,0.0023049927663781663,0.0024529844644317253
L16H4,L21H12,0.002286682893061864,0.0024529844644317253
L9H15,MLP13,0.002272729935384856,0.0024529844644317253
L6H0,L12H13,0.0022573764415173793,0.0024529844644317253
L13H2,L15H9,0.0022567201481473813,0.0024529844644317253
MLP18,MLP21,0.0022328957972620666,0.0024529844644317253
L13H2,L16H8,0.002229777016177484,0.0024529844644317253
L2H14,L3H14,0.0022195391285613755,0.0024529844644317253
L13H11,L16H4,0.0022002152544995227,0.003270645952575634
MLP4,L12H10,0.0021882396462915956,0.0024529844644317253
L3H14,MLP6,0.0021825248445231254,0.0024529844644317253
L4H15,L9H7,0.0021762600837102676,0.0024529844644317253
L16H8,L18H3,0.0021665146908847748,0.0024529844644317253
MLP22,Residual Output: no_tool,0.0021664602655510714,0.0024529844644317253
L6H0,L13H3,0.002147806278596906,0.0024529844644317253
L13H15,MLP17,0.0020677591951342076,0.0024529844644317253
L13H15,MLP15,0.002031262424817503,0.0024529844644317253
L12H6,L13H15,0.001983442661922011,0.0024529844644317253
MLP2,L13H11,0.001902723310785067,0.0024529844644317253
L13H10,L16H9,0.0017540321571066957,0.001635322976287817
MLP18,L19H6,0.0017533448922789306,0.001635322976287817
MLP10,MLP14,0.0017529554511818539,0.001635322976287817
L11H9,MLP15,0.0017527727431976964,0.001635322976287817
L15H5,MLP21,0.0017518067973346404,0.001635322976287817
L13H2,MLP27,0.0017514665363522358,0.001635322976287817
Input Embed,L13H15,0.0017506988435886431,0.001635322976287817
L12H0,L15H9,0.0017504786203701337,0.001635322976287817
Input Embed,L9H8,0.0017503562082140979,0.001635322976287817
L18H11,MLP19,0.0017497997824438072,0.001635322976287817
L10H2,L13H6,0.00174962749513033,0.001635322976287817
MLP10,L17H8,0.0017493937115396353,0.001635322976287817
L17H11,MLP19,0.0017490152961308683,0.001635322976287817
MLP15,L24H6,0.001748805564937713,0.001635322976287817
L12H0,L14H13,0.0017485023721342267,0.001635322976287817
L14H13,L16H9,0.0017485023721342267,0.001635322976287817
MLP3,L12H10,0.0017482532639433014,0.001635322976287817
L12H13,L16H9,0.0017477446047770941,0.001635322976287817
L8H3,MLP16,0.0017472435679007589,0.001635322976287817
MLP8,L17H12,0.0017463917414162677,0.001635322976287817
MLP10,L11H9,0.0017462600069249956,0.001635322976287817
L6H7,L12H0,0.0017461503107387844,0.001635322976287817
MLP15,L18H3,0.0017452325529596728,0.001635322976287817
L16H12,L17H8,0.0017443076277652515,0.001635322976287817
MLP15,L16H9,0.0017436424183861225,0.001635322976287817
MLP15,L17H11,0.0017427877654672707,0.001635322976287817
MLP16,MLP23,0.0017423768154422525,0.001635322976287817
MLP1,L6H7,0.0017419645493025751,0.001635322976287817
L15H9,L17H1,0.0017404090153080077,0.001635322976287817
L2H15,L11H1,0.0017395954610753812,0.001635322976287817
L9H3,L11H6,0.0017388959652048135,0.001635322976287817
L9H5,L11H9,0.0017385600810794482,0.001635322976287817
MLP6,L13H10,0.0017376463235337766,0.001635322976287817
MLP11,L18H3,0.0017373179891303815,0.001635322976287817
MLP19,MLP23,0.0017349747603142356,0.001635322976287817
L9H3,L11H9,0.0017346493817320917,0.001635322976287817
MLP16,L21H0,0.001734386964658312,0.001635322976287817
L9H3,L15H5,0.0017343428025415417,0.001635322976287817
L11H1,L17H8,0.0017338901518856706,0.001635322976287817
L11H1,L17H12,0.0017338901518856706,0.001635322976287817
MLP16,L26H9,0.0017330748529756537,0.001635322976287817
L16H6,MLP19,0.0017327875691282603,0.001635322976287817
MLP20,MLP23,0.0017325037835315541,0.001635322976287817
L18H11,L20H14,0.0017315910932655893,0.001635322976287817
MLP10,L14H13,0.0017289861015053812,0.001635322976287817
L6H7,MLP7,0.001728270959212856,0.001635322976287817
L13H6,L16H9,0.0017272884070462298,0.001635322976287817
L10H5,MLP13,0.0017255287356316362,0.001635322976287817
MLP5,L6H7,0.0017253869989080177,0.001635322976287817
L23H6,L27H15,0.0017244676479843258,0.001635322976287817
L12H10,L16H8,0.0017242458727495444,0.001635322976287817
MLP3,L14H13,0.0017212445737222043,0.001635322976287817
MLP19,L27H15,0.0017190216741538188,0.001635322976287817
MLP8,L12H10,0.0017146412461879485,0.001635322976287817
L9H2,MLP12,0.0017142832407927504,0.001635322976287817
L16H9,L17H15,0.0017105243388161248,0.001635322976287817
MLP1,L13H13,0.0017091461696954202,0.001635322976287817
L6H0,L11H9,0.0017062489712174893,0.001635322976287817
L13H10,MLP14,0.001706214400910601,0.001635322976287817
L10H4,L16H4,0.001705167459595351,0.001635322976287817
L17H14,L18H14,0.0017042171316688265,0.001635322976287817
MLP3,L13H15,0.0017033363138183421,0.001635322976287817
L6H0,L13H9,0.0017016966156448625,0.001635322976287817
L18H14,MLP21,0.0017013160489966496,0.001635322976287817
L18H14,L21H1,0.0016995022204622128,0.001635322976287817
MLP15,L17H14,0.0016982707944309546,0.001635322976287817
L8H3,L9H3,0.0016980561725885332,0.001635322976287817
MLP6,L13H13,0.0016972121129704774,0.001635322976287817
MLP4,L8H3,0.0016965553258854074,0.001635322976287817
MLP3,L9H15,0.0016919823286760862,0.001635322976287817
MLP12,MLP18,0.0016919088953356246,0.001635322976287817
MLP4,L13H15,0.0016872241767794671,0.001635322976287817
MLP10,L11H6,0.0016867883043712641,0.001635322976287817
MLP14,L18H3,0.0016833938222528837,0.001635322976287817
L10H2,L11H5,0.0016824543367492126,0.001635322976287817
L16H4,L17H15,0.0016801417309884757,0.001635322976287817
L13H3,L16H9,0.001679861584603549,0.001635322976287817
MLP17,L18H13,0.0016769718986304977,0.001635322976287817
MLP16,L18H13,0.0016769718986304977,0.001635322976287817
L17H15,L20H5,0.0016741311369450323,0.001635322976287817
Input Embed,L11H9,0.0016735840762044385,0.001635322976287817
L5H13,MLP9,0.00167110734723564,0.001635322976287817
L3H0,MLP5,0.0016704077301144626,0.001635322976287817
Input Embed,L3H0,0.0016704077301144626,0.001635322976287817
L9H5,MLP15,0.0016702257473221597,0.001635322976287817
MLP4,L5H13,0.0016633823330051026,0.001635322976287817
L11H1,L12H13,0.0016625567580283024,0.001635322976287817
MLP0,L9H15,0.0016623837148432696,0.001635322976287817
L17H8,L18H3,0.001662272623722572,0.001635322976287817
MLP4,L11H4,0.0016598283355002189,0.001635322976287817
L8H10,MLP11,0.0016594182220447226,0.001635322976287817
MLP1,L9H5,0.001657734386950201,0.001635322976287817
MLP20,MLP21,0.0016567965192011667,0.001635322976287817
L11H4,L13H3,0.0016554365508543954,0.001635322976287817
MLP12,L13H10,0.0016518025596039512,0.001635322976287817
L10H2,L11H4,0.0016505935862511792,0.001635322976287817
L25H0,MLP27,0.0016499866478426922,0.001635322976287817
L13H13,L14H13,0.0016493057498365197,0.001635322976287817
L2H14,L13H10,0.0016471942292614913,0.001635322976287817
MLP0,L4H15,0.0016470695169074094,0.001635322976287817
MLP2,L15H5,0.0016453274406279055,0.001635322976287817
L15H5,L17H14,0.0016406162197492107,0.001635322976287817
Input Embed,L12H10,0.0016403727289673587,0.001635322976287817
MLP0,L9H5,0.0016307138131061534,0.001635322976287817
MLP11,L18H14,0.001629835483835754,0.001635322976287817
MLP11,L13H7,0.0016276181536308595,0.001635322976287817
MLP12,L13H7,0.0016276181536308595,0.001635322976287817
L9H5,L11H8,0.001626397238138256,0.001635322976287817
L10H13,MLP16,0.0016257041384537497,0.001635322976287817
MLP3,L12H13,0.0016240957416338779,0.001635322976287817
L9H3,L15H9,0.0016228522354478489,0.001635322976287817
L13H6,MLP19,0.001618717019093513,0.001635322976287817
L11H1,L15H9,0.0016127873786294764,0.001635322976287817
L12H10,MLP17,0.001612514323397073,0.001635322976287817
L2H15,L11H4,0.0016105447434155956,0.001635322976287817
L12H10,L16H4,0.0016095639911019963,0.001635322976287817
L16H13,L21H12,0.0016085899245994616,0.001635322976287817
L10H4,MLP12,0.0016013327028106881,0.001635322976287817
L11H4,MLP16,0.0015964969796753846,0.001635322976287817
L14H5,L15H9,0.001595893483364612,0.001635322976287817
L16H13,L17H1,0.0015939539905560332,0.001635322976287817
L11H8,L13H3,0.0015896622093283833,0.001635322976287817
MLP1,L12H13,0.0015862045024385932,0.001635322976287817
L17H8,L20H5,0.001585885779465886,0.001635322976287817
MLP0,L11H8,0.0015826500402262762,0.001635322976287817
MLP4,L10H5,0.0015806933870957177,0.001635322976287817
MLP0,MLP4,0.0015799190357502421,0.001635322976287817
MLP4,L6H8,0.0015650767285611685,0.001635322976287817
L12H0,MLP19,0.0015611838464365823,0.001635322976287817
L6H0,L9H15,0.0015575974286393163,0.001635322976287817
L16H4,L20H5,0.0015548300783137397,0.001635322976287817
L3H14,L9H5,0.0015537346624263735,0.001635322976287817
MLP7,L13H13,0.0015526181781257936,0.001635322976287817
L15H9,MLP19,0.0015516190302962132,0.001635322976287817
L9H3,L12H6,0.001549733997684407,0.001635322976287817
L2H15,MLP13,0.0015442619695234558,0.001635322976287817
L4H15,L6H8,0.001542880286140835,0.001635322976287817
MLP5,L14H5,0.0015389677246607448,0.001635322976287817
MLP13,L14H5,0.0015389677246607448,0.001635322976287817
L13H3,L16H6,0.0015364543224301132,0.001635322976287817
MLP6,L12H3,0.001536396679208929,0.001635322976287817
L14H5,L16H4,0.0015336756234072637,0.001635322976287817
L12H6,L14H5,0.001531214306310637,0.001635322976287817
MLP7,MLP13,0.0015263015392498632,0.001635322976287817
L11H8,L13H9,0.0015234102242489456,0.001635322976287817
L15H9,L17H2,0.0015158328054212737,0.001635322976287817
L2H15,L6H5,0.0015144188863947853,0.001635322976287817
L10H2,L11H1,0.0015131458409380712,0.001635322976287817
L4H15,MLP9,0.001512243371589328,0.001635322976287817
MLP5,L6H8,0.0015101103955450852,0.001635322976287817
MLP8,L13H9,0.0015046937859135232,0.001635322976287817
MLP2,L12H10,0.0015027008312822009,0.001635322976287817
MLP13,L17H1,0.001502515658495637,0.001635322976287817
L13H2,L14H5,0.001498460550470238,0.001635322976287817
L11H9,MLP17,0.0014903239644374017,0.001635322976287817
MLP1,L9H7,0.0014755904359962332,0.001635322976287817
L6H0,L13H2,0.0014721786278521693,0.001635322976287817
L20H5,MLP25,0.0014697529728846456,0.001635322976287817
L17H12,L24H6,0.00146275737486425,0.001635322976287817
L12H6,L17H12,0.001456995616592814,0.001635322976287817
L12H6,L17H8,0.001456995616592814,0.001635322976287817
MLP5,L16H6,0.0014545364068496245,0.001635322976287817
L6H8,L12H6,0.0014532724201947985,0.001635322976287817
L5H1,MLP12,0.0014479758410582606,0.001635322976287817
L2H14,L13H3,0.001445961111213176,0.001635322976287817
L6H5,MLP12,0.0014194060949100325,0.001635322976287817
L16H8,L21H12,0.0014084920117603296,0.001635322976287817
MLP3,L13H11,0.001400280523192719,0.001635322976287817
L13H11,L15H5,0.0013929864129626252,0.001635322976287817
L11H4,L13H2,0.0013671272163767122,0.001635322976287817
L13H2,L16H13,0.0013592542608387354,0.001635322976287817
MLP13,L17H4,0.001355375445058797,0.001635322976287817
MLP12,L17H4,0.001355375445058797,0.001635322976287817
MLP5,L13H11,0.0013189915908311852,0.001635322976287817
L13H11,MLP15,0.0012840293672645733,0.001635322976287817
L16H8,L24H6,0.0012115738064890208,0.001635322976287817
L13H15,L15H5,0.0008780082658885947,0.0008176614881439084
L16H1,L17H2,0.0008780082658885947,0.0008176614881439084
L15H5,L16H1,0.0008780082658885947,0.0008176614881439084
L11H5,L13H15,0.0008780082658885947,0.0008176614881439084
L13H15,L16H1,0.0008780082658885947,0.0008176614881439084
L10H2,MLP17,0.0008777504400313451,0.0008176614881439084
L13H14,MLP16,0.0008776389936126086,0.0008176614881439084
MLP11,L13H14,0.0008776389936126086,0.0008176614881439084
L11H1,L13H14,0.0008776389936126086,0.0008176614881439084
MLP2,L12H3,0.0008776145722903081,0.0008176614881439084
MLP15,MLP19,0.0008774854290266169,0.0008176614881439084
MLP5,L10H4,0.0008773820515722268,0.0008176614881439084
L9H3,L10H4,0.0008773820515722268,0.0008176614881439084
MLP6,L17H8,0.0008773817832790905,0.0008176614881439084
L13H13,L16H9,0.0008772562575262691,0.0008176614881439084
L16H9,L21H12,0.0008772562575262691,0.0008176614881439084
L12H10,L13H13,0.0008772562575262691,0.0008176614881439084
L13H13,L16H13,0.0008772562575262691,0.0008176614881439084
L20H14,MLP23,0.0008772343361558328,0.0008176614881439084
MLP12,L20H14,0.0008772343361558328,0.0008176614881439084
L11H8,MLP15,0.0008772337052964846,0.0008176614881439084
MLP15,L23H6,0.0008772337052964846,0.0008176614881439084
MLP9,MLP15,0.0008772337052964846,0.0008176614881439084
MLP15,L18H11,0.0008771291724747622,0.0008176614881439084
L13H6,L17H8,0.0008770546151703973,0.0008176614881439084
L13H10,L16H4,0.0008770525759359956,0.0008176614881439084
MLP3,L14H5,0.0008770049458364696,0.0008176614881439084
MLP14,L18H14,0.0008768924314050392,0.0008176614881439084
MLP0,L6H7,0.0008767925709014154,0.0008176614881439084
L15H2,MLP17,0.0008766880521574676,0.0008176614881439084
MLP9,L15H2,0.0008766880521574676,0.0008176614881439084
MLP14,L15H2,0.0008766880521574676,0.0008176614881439084
L9H5,L11H5,0.00087651188750033,0.0008176614881439084
L15H9,L16H12,0.0008764856999056571,0.0008176614881439084
L13H11,L15H9,0.0008764856999056571,0.0008176614881439084
L4H15,L9H15,0.0008764508693696594,0.0008176614881439084
L9H15,L13H9,0.0008764508693696594,0.0008176614881439084
L13H10,MLP19,0.0008763257949938452,0.0008176614881439084
L11H1,L17H2,0.0008762464263471871,0.0008176614881439084
L9H5,MLP17,0.0008762464263471871,0.0008176614881439084
L6H0,MLP10,0.0008761096821669741,0.0008176614881439084
L12H0,L16H6,0.0008760886347526617,0.0008176614881439084
MLP0,L12H10,0.000876088359734632,0.0008176614881439084
MLP1,L12H3,0.0008759849691330056,0.0008176614881439084
MLP6,L12H10,0.0008758285616051856,0.0008176614881439084
L9H8,MLP10,0.0008756348400705938,0.0008176614881439084
L9H8,L10H2,0.0008756348400705938,0.0008176614881439084
MLP14,L17H15,0.0008755480593135343,0.0008176614881439084
MLP15,L16H12,0.0008755390379012117,0.0008176614881439084
MLP2,MLP8,0.000875476669963777,0.0008176614881439084
MLP8,L17H14,0.000875476669963777,0.0008176614881439084
L2H14,L9H7,0.0008753722787143405,0.0008176614881439084
L12H13,L13H10,0.000875350885077112,0.0008176614881439084
MLP10,L12H13,0.000875350885077112,0.0008176614881439084
MLP8,L17H2,0.0008751689105037504,0.0008176614881439084
MLP1,L11H9,0.0008750562111229296,0.0008176614881439084
L9H3,MLP14,0.0008749721178349446,0.0008176614881439084
L9H5,L13H13,0.0008748465598779251,0.0008176614881439084
L16H4,L21H1,0.0008747789166734688,0.0008176614881439084
L13H6,MLP15,0.0008747789166734688,0.0008176614881439084
L6H7,L10H2,0.0008747789166734688,0.0008176614881439084
L9H8,MLP16,0.000874721368143504,0.0008176614881439084
L9H8,L16H13,0.000874721368143504,0.0008176614881439084
L9H8,L11H1,0.000874721368143504,0.0008176614881439084
L9H8,L16H8,0.000874721368143504,0.0008176614881439084
L9H8,L16H9,0.000874721368143504,0.0008176614881439084
MLP7,L8H3,0.000874706911816517,0.0008176614881439084
L8H3,L13H9,0.000874706911816517,0.0008176614881439084
MLP16,L17H11,0.0008746843849823601,0.0008176614881439084
L2H14,L12H0,0.0008746575226883549,0.0008176614881439084
L12H0,MLP27,0.0008746370384258971,0.0008176614881439084
MLP6,L11H6,0.0008744773602641497,0.0008176614881439084
MLP8,L11H4,0.0008744535425590377,0.0008176614881439084
L11H4,MLP17,0.0008744535425590377,0.0008176614881439084
L16H13,L18H3,0.0008744535425590377,0.0008176614881439084
MLP19,L20H10,0.0008743930030019408,0.0008176614881439084
MLP18,L20H10,0.0008743930030019408,0.0008176614881439084
L20H10,L21H1,0.0008743930030019408,0.0008176614881439084
L16H6,L17H11,0.0008743309111485082,0.0008176614881439084
MLP12,L17H11,0.0008743309111485082,0.0008176614881439084
MLP12,MLP20,0.0008743309111485082,0.0008176614881439084
Input Embed,L6H5,0.0008742776895598516,0.0008176614881439084
L6H5,MLP9,0.0008742776895598516,0.0008176614881439084
MLP7,L10H2,0.0008741803291087463,0.0008176614881439084
MLP4,L6H7,0.0008741803291087463,0.0008176614881439084
L11H1,L13H11,0.0008741147466525517,0.0008176614881439084
MLP0,L13H11,0.0008741147466525517,0.0008176614881439084
L12H13,L16H13,0.0008741104850688223,0.0008176614881439084
L16H13,L17H14,0.0008741104850688223,0.0008176614881439084
MLP9,L17H1,0.0008739573606955073,0.0008176614881439084
MLP15,L16H6,0.0008736855615866237,0.0008176614881439084
L11H9,L16H8,0.0008734105091796958,0.0008176614881439084
MLP8,L14H13,0.0008732314990570262,0.0008176614881439084
L6H7,MLP8,0.0008732314990570262,0.0008176614881439084
L13H15,L16H4,0.0008732074366754612,0.0008176614881439084
L9H12,L11H1,0.0008728168409647501,0.0008176614881439084
L9H12,L16H8,0.0008728168409647501,0.0008176614881439084
L9H12,L16H9,0.0008728168409647501,0.0008176614881439084
Input Embed,L9H12,0.0008728168409647501,0.0008176614881439084
L9H12,MLP16,0.0008728168409647501,0.0008176614881439084
MLP25,MLP27,0.0008726687751099423,0.0008176614881439084
L21H12,MLP25,0.0008726687751099423,0.0008176614881439084
L11H6,MLP12,0.0008724867707326634,0.0008176614881439084
MLP4,L11H6,0.0008724867707326634,0.0008176614881439084
L18H14,L20H5,0.0008724173303590495,0.0008176614881439084
L10H4,L13H3,0.0008720570762065259,0.0008176614881439084
L10H4,L16H13,0.0008720570762065259,0.0008176614881439084
L10H4,L16H8,0.0008720570762065259,0.0008176614881439084
L18H13,MLP27,0.0008717445713431988,0.0008176614881439084
MLP2,L6H7,0.0008715663506888307,0.0008176614881439084
L11H5,L12H10,0.0008714398009514466,0.0008176614881439084
MLP3,L8H3,0.0008710358093811164,0.0008176614881439084
MLP8,L17H8,0.0008709150714524906,0.0008176614881439084
MLP8,L12H13,0.0008709150714524906,0.0008176614881439084
MLP1,L9H2,0.0008706106692053404,0.0008176614881439084
L9H2,L13H6,0.0008706106692053404,0.0008176614881439084
L16H9,L23H6,0.0008705757356408438,0.0008176614881439084
L11H1,MLP14,0.0008705705295176142,0.0008176614881439084
L13H2,L16H4,0.0008705227553387485,0.0008176614881439084
MLP14,L19H6,0.0008700861921396553,0.0008176614881439084
MLP6,L14H5,0.0008694363267646375,0.0008176614881439084
MLP7,L13H15,0.0008691086225225559,0.0008176614881439084
MLP6,MLP7,0.000868876113474957,0.0008176614881439084
MLP14,L16H12,0.0008687685898640397,0.0008176614881439084
L13H13,MLP14,0.0008687635200489134,0.0008176614881439084
MLP14,L24H6,0.0008687125417973668,0.0008176614881439084
MLP14,L23H6,0.0008687125417973668,0.0008176614881439084
L11H0,MLP16,0.0008686215652253759,0.0008176614881439084
MLP4,L11H0,0.0008686215652253759,0.0008176614881439084
MLP12,L16H5,0.0008684199947226505,0.0008176614881439084
L16H5,MLP17,0.0008684199947226505,0.0008176614881439084
MLP13,L16H5,0.0008684199947226505,0.0008176614881439084
L11H9,L13H13,0.0008683567489171395,0.0008176614881439084
MLP17,L18H12,0.0008682337611060021,0.0008176614881439084
MLP16,L18H12,0.0008682337611060021,0.0008176614881439084
L18H12,MLP19,0.0008682337611060021,0.0008176614881439084
L17H11,MLP18,0.0008681033804849107,0.0008176614881439084
L15H5,L17H11,0.0008681033804849107,0.0008176614881439084
L15H5,MLP27,0.0008681033804849107,0.0008176614881439084
L17H1,MLP20,0.0008680971003712248,0.0008176614881439084
MLP4,L13H2,0.0008680971003712248,0.0008176614881439084
L13H15,L16H12,0.0008678985623427715,0.0008176614881439084
MLP1,MLP3,0.0008673237973554139,0.0008176614881439084
L16H9,L18H3,0.0008673237973554139,0.0008176614881439084
L10H4,MLP11,0.000867189673092303,0.0008176614881439084
L10H4,L12H10,0.000867189673092303,0.0008176614881439084
L13H7,MLP16,0.0008671823972176431,0.0008176614881439084
MLP16,L25H0,0.0008668681602753862,0.0008176614881439084
MLP3,L15H4,0.0008667919252775605,0.0008176614881439084
L15H4,MLP17,0.0008667919252775605,0.0008176614881439084
MLP7,L15H4,0.0008667919252775605,0.0008176614881439084
L15H4,L16H9,0.0008667919252775605,0.0008176614881439084
MLP7,L17H14,0.0008667919252775605,0.0008176614881439084
MLP3,L12H3,0.0008664799088652577,0.0008176614881439084
L11H5,L13H13,0.0008661515512958251,0.0008176614881439084
L9H2,MLP10,0.0008661321439282758,0.0008176614881439084
MLP10,MLP15,0.0008661321439282758,0.0008176614881439084
L8H10,L9H2,0.0008661321439282758,0.0008176614881439084
L9H2,MLP16,0.0008661321439282758,0.0008176614881439084
L9H2,MLP15,0.0008661321439282758,0.0008176614881439084
MLP17,L20H4,0.0008661162059786515,0.0008176614881439084
L20H4,MLP27,0.0008661162059786515,0.0008176614881439084
MLP13,L20H4,0.0008661162059786515,0.0008176614881439084
MLP22,MLP23,0.0008659947250145839,0.0008176614881439084
MLP7,L12H13,0.0008655830560263254,0.0008176614881439084
L12H13,L13H3,0.0008655830560263254,0.0008176614881439084
L11H8,L15H9,0.0008655604368511463,0.0008176614881439084
L17H1,MLP21,0.0008655604368511463,0.0008176614881439084
L10H2,L16H4,0.0008655604368511463,0.0008176614881439084
MLP17,L25H9,0.0008646493206018294,0.0008176614881439084
MLP16,L25H9,0.0008646493206018294,0.0008176614881439084
L25H9,Residual Output: no_tool,0.0008646493206018294,0.0008176614881439084
L11H4,MLP27,0.0008635784753692138,0.0008176614881439084
MLP5,L16H5,0.000862968797028394,0.0008176614881439084
L16H5,MLP19,0.000862968797028394,0.0008176614881439084
MLP11,L16H5,0.000862968797028394,0.0008176614881439084
L9H7,L10H5,0.0008628288692837237,0.0008176614881439084
MLP17,L26H0,0.0008623672306801426,0.0008176614881439084
L23H6,L26H0,0.0008623672306801426,0.0008176614881439084
MLP11,L17H14,0.0008623672306801426,0.0008176614881439084
L26H0,Residual Output: no_tool,0.0008623672306801426,0.0008176614881439084
L10H5,L13H9,0.0008612809615793212,0.0008176614881439084
L11H9,MLP13,0.0008606568230715921,0.0008176614881439084
Input Embed,L10H13,0.0008601165257217619,0.0008176614881439084
L10H13,L16H4,0.0008601165257217619,0.0008176614881439084
L10H13,L16H13,0.0008601165257217619,0.0008176614881439084
L6H0,L10H13,0.0008601165257217619,0.0008176614881439084
L10H13,L11H1,0.0008601165257217619,0.0008176614881439084
MLP2,L16H1,0.0008600761891152989,0.0008176614881439084
MLP12,L16H1,0.0008600761891152989,0.0008176614881439084
L16H4,L17H14,0.00085908138223323,0.0008176614881439084
MLP2,L9H2,0.0008585419365064045,0.0008176614881439084
L17H15,MLP20,0.0008582674664297841,0.0008176614881439084
L11H5,L15H11,0.0008572748465167464,0.0008176614881439084
MLP11,L15H11,0.0008572748465167464,0.0008176614881439084
L15H11,MLP16,0.0008572748465167464,0.0008176614881439084
L5H8,L6H0,0.0008572149036757141,0.0008176614881439084
Input Embed,L5H8,0.0008572149036757141,0.0008176614881439084
L17H3,MLP27,0.0008566544434736762,0.0008176614881439084
MLP16,L17H3,0.0008566544434736762,0.0008176614881439084
MLP19,L21H0,0.0008566544434736762,0.0008176614881439084
MLP11,L17H3,0.0008566544434736762,0.0008176614881439084
MLP6,L9H2,0.0008557413042863458,0.0008176614881439084
L9H2,L12H13,0.0008557413042863458,0.0008176614881439084
MLP9,L13H2,0.0008553122668671166,0.0008176614881439084
MLP4,L14H13,0.0008552803294204074,0.0008176614881439084
MLP13,MLP27,0.0008546283157518768,0.0008176614881439084
L9H5,L13H15,0.0008546121746103804,0.0008176614881439084
MLP9,L14H13,0.0008543342297505231,0.0008176614881439084
L6H8,MLP13,0.0008535892661291739,0.0008176614881439084
L9H5,L13H6,0.0008530107174863782,0.0008176614881439084
MLP0,L14H13,0.0008522026470457134,0.0008176614881439084
MLP3,L16H6,0.0008517902383503178,0.0008176614881439084
MLP9,L12H13,0.0008517126816030554,0.0008176614881439084
L2H14,L3H0,0.0008511642322909921,0.0008176614881439084
MLP0,L11H4,0.0008509573111744026,0.0008176614881439084
L12H6,L17H14,0.0008505714634325044,0.0008176614881439084
L16H9,L24H6,0.0008502647531074353,0.0008176614881439084
L8H10,L11H1,0.0008496641107141729,0.0008176614881439084
MLP9,L10H5,0.0008496111599139278,0.0008176614881439084
L24H6,L27H15,0.000849011956429838,0.0008176614881439084
L24H6,L26H9,0.000849011956429838,0.0008176614881439084
L11H5,L13H2,0.0008481747178900042,0.0008176614881439084
L11H5,L16H9,0.0008481747178900042,0.0008176614881439084
L2H14,L13H2,0.0008481747178900042,0.0008176614881439084
L6H8,MLP9,0.0008473813148265468,0.0008176614881439084
L12H10,L13H10,0.0008464475196609067,0.0008176614881439084
L12H10,L16H13,0.0008464475196609067,0.0008176614881439084
L12H3,L16H8,0.0008461091990348703,0.0008176614881439084
L13H13,L16H4,0.0008453202853638671,0.0008176614881439084
L1H13,MLP11,0.0008449173426996213,0.0008176614881439084
Input Embed,L1H13,0.0008449173426996213,0.0008176614881439084
L1H13,MLP2,0.0008449173426996213,0.0008176614881439084
L1H13,L4H15,0.0008449173426996213,0.0008176614881439084
MLP0,L6H5,0.0008404908510277137,0.0008176614881439084
L6H5,MLP11,0.0008404908510277137,0.0008176614881439084
L6H8,L9H3,0.0008401066516272514,0.0008176614881439084
L4H15,L9H3,0.0008384220131493889,0.0008176614881439084
MLP8,L13H13,0.0008376249798131571,0.0008176614881439084
L15H9,MLP18,0.0008361282087709456,0.0008176614881439084
MLP1,L9H15,0.0008360197140439275,0.0008176614881439084
MLP9,L12H10,0.0008341304207681933,0.0008176614881439084
L10H4,L16H1,0.0008331103833888253,0.0008176614881439084
L10H4,L11H1,0.0008331103833888253,0.0008176614881439084
L11H1,L16H1,0.0008331103833888253,0.0008176614881439084
MLP0,L6H8,0.0008321707210926048,0.0008176614881439084
L6H0,L13H6,0.0008311738603061139,0.0008176614881439084
L9H7,L11H1,0.0008310126900603485,0.0008176614881439084
MLP0,L11H6,0.0008292051609409791,0.0008176614881439084
MLP10,L17H1,0.0008289592482360305,0.0008176614881439084
MLP12,L18H3,0.0008282442735837117,0.0008176614881439084
L16H12,MLP27,0.0008268880241768844,0.0008176614881439084
L12H13,MLP15,0.0008236472279037178,0.0008176614881439084
L12H13,L13H2,0.0008233379765169441,0.0008176614881439084
MLP11,L23H6,0.0008226766608731553,0.0008176614881439084
MLP15,L17H15,0.0008226766608731553,0.0008176614881439084
L13H11,L14H5,0.0008218742645586917,0.0008176614881439084
L15H9,MLP27,0.0008217567195269424,0.0008176614881439084
L10H2,L16H8,0.0008216537343511386,0.0008176614881439084
L14H5,MLP15,0.0008211134896836962,0.0008176614881439084
MLP2,L14H13,0.0008211134896836962,0.0008176614881439084
L11H6,MLP15,0.000820379109899114,0.0008176614881439084
L14H13,MLP27,0.0008195525145559467,0.0008176614881439084
L3H0,L10H2,0.0008192434978234706,0.0008176614881439084
L3H0,MLP12,0.0008192434978234706,0.0008176614881439084
L11H4,L12H13,0.0008190843776175348,0.0008176614881439084
L16H13,L20H5,0.0008190843776175348,0.0008176614881439084
MLP3,L11H4,0.0008190843776175348,0.0008176614881439084
L12H13,MLP17,0.0008190843776175348,0.0008176614881439084
MLP3,MLP5,0.0008190843776175348,0.0008176614881439084
MLP9,L11H4,0.0008172840208072607,0.0008176614881439084
L2H14,L13H6,0.0008164267317843732,0.0008176614881439084
MLP7,MLP12,0.0008147024084100426,0.0008176614881439084
L18H3,L20H5,0.0008146812804555167,0.0008176614881439084
MLP13,L18H3,0.0008146812804555167,0.0008176614881439084
MLP14,MLP27,0.0008145315867094086,0.0008176614881439084
MLP12,MLP27,0.0008137006639651539,0.0008176614881439084
MLP2,L15H9,0.0008107568681512897,0.0008176614881439084
MLP6,L8H10,0.0008097541113305498,0.0008176614881439084
L3H14,MLP10,0.0008079945163423218,0.0008176614881439084
L3H14,MLP9,0.0008079945163423218,0.0008176614881439084
L17H2,MLP21,0.0008065620931272659,0.0008176614881439084
L9H7,L13H9,0.0008064136937199796,0.0008176614881439084
L9H7,MLP13,0.0008064136937199796,0.0008176614881439084
L17H2,L18H3,0.000805227327287299,0.0008176614881439084
L18H13,MLP19,0.000805227327287299,0.0008176614881439084
L15H5,L18H3,0.0008047834128148511,0.0008176614881439084
L12H6,L15H5,0.0008043481274958859,0.0008176614881439084
L4H15,MLP7,0.0008043481274958859,0.0008176614881439084
MLP0,MLP8,0.0008040822582882494,0.0008176614881439084
L9H3,L12H14,0.0008040532653944336,0.0008176614881439084
L12H14,MLP16,0.0008040532653944336,0.0008176614881439084
MLP1,L12H14,0.0008040532653944336,0.0008176614881439084
L13H2,MLP15,0.0008035941569528031,0.0008176614881439084
L13H3,L14H13,0.0008032988177656627,0.0008176614881439084
L12H6,MLP19,0.0008009234853228216,0.0008176614881439084
MLP8,MLP12,0.0007997520087668437,0.0008176614881439084
L6H8,L9H5,0.0007977196068065545,0.0008176614881439084
MLP1,L5H13,0.0007962587687787786,0.0008176614881439084
L9H7,L12H0,0.0007956039732828215,0.0008176614881439084
MLP19,L25H0,0.0007953744732323117,0.0008176614881439084
L3H14,MLP5,0.0007953744732323117,0.0008176614881439084
MLP17,MLP22,0.0007952872985081347,0.0008176614881439084
MLP1,L11H4,0.0007947393021378668,0.0008176614881439084
L12H6,L13H6,0.0007937545036780344,0.0008176614881439084
MLP13,L15H5,0.0007932183338758766,0.0008176614881439084
MLP6,MLP16,0.0007926674140581965,0.0008176614881439084
MLP1,L13H2,0.0007921442377630495,0.0008176614881439084
MLP8,L11H8,0.0007911384824573995,0.0008176614881439084
L10H2,L13H15,0.0007901058703814492,0.0008176614881439084
L2H14,L13H15,0.0007901058703814492,0.0008176614881439084
L13H15,MLP14,0.0007901058703814492,0.0008176614881439084
L5H13,L6H0,0.0007885337545482412,0.0008176614881439084
L5H13,MLP7,0.0007885337545482412,0.0008176614881439084
L6H0,L13H15,0.0007872146108958177,0.0008176614881439084
L14H13,L15H9,0.0007870911948362822,0.0008176614881439084
MLP6,L14H13,0.0007870911948362822,0.0008176614881439084
L16H8,L21H1,0.0007866275898693702,0.0008176614881439084
L15H9,L16H6,0.0007853531932059622,0.0008176614881439084
L9H3,L13H3,0.0007821524738056171,0.0008176614881439084
L13H2,L16H9,0.0007816050328322415,0.0008176614881439084
MLP0,L12H3,0.0007813301700048291,0.0008176614881439084
L11H1,L13H13,0.0007807637110461163,0.0008176614881439084
L13H13,L14H5,0.0007801799063601218,0.0008176614881439084
L9H7,L11H4,0.000780041916345397,0.0008176614881439084
L12H3,L13H11,0.0007753543334765088,0.0008176614881439084
MLP5,L13H15,0.0007750933462677031,0.0008176614881439084
L6H8,L11H9,0.000774296233601722,0.0008176614881439084
L6H8,MLP12,0.000774296233601722,0.0008176614881439084
L20H14,MLP26,0.0007722179934256202,0.0008176614881439084
MLP7,L10H13,0.0007655876127319877,0.0008176614881439084
MLP2,L10H13,0.0007655876127319877,0.0008176614881439084
MLP0,L9H7,0.0007632859880396018,0.0008176614881439084
L11H5,MLP19,0.0007615641535823158,0.0008176614881439084
L13H7,MLP27,0.0007604357564132165,0.0008176614881439084
L2H15,MLP8,0.0007575983883253146,0.0008176614881439084
L13H9,L14H5,0.0007575983883253146,0.0008176614881439084
MLP2,L13H2,0.0007575983883253146,0.0008176614881439084
L13H10,L16H13,0.0007571125454511966,0.0008176614881439084
MLP9,L20H5,0.000756800042805851,0.0008176614881439084
MLP7,L17H2,0.0007528857885708661,0.0008176614881439084
L16H6,L17H12,0.0007470953975882087,0.0008176614881439084
MLP8,L16H6,0.0007470953975882087,0.0008176614881439084
MLP18,L27H15,0.0007455690054407602,0.0008176614881439084
L2H14,L6H5,0.0007454780595429611,0.0008176614881439084
MLP2,L6H5,0.0007454780595429611,0.0008176614881439084
L13H2,L17H12,0.0007449248358962826,0.0008176614881439084
L17H12,MLP23,0.0007449248358962826,0.0008176614881439084
L17H12,L23H6,0.0007449248358962826,0.0008176614881439084
L4H15,L9H5,0.0007412304166935828,0.0008176614881439084
MLP6,L12H4,0.0007408621621449235,0.0008176614881439084
MLP8,L12H4,0.0007408621621449235,0.0008176614881439084
L12H4,MLP17,0.0007408621621449235,0.0008176614881439084
MLP8,L14H5,0.0007408621621449235,0.0008176614881439084
L2H15,L5H1,0.0007385773578960676,0.0008176614881439084
L19H5,L21H12,0.0007373107086656994,0.0008176614881439084
L18H14,L19H5,0.0007373107086656994,0.0008176614881439084
MLP17,L19H5,0.0007373107086656994,0.0008176614881439084
L20H14,MLP22,0.0007371787237633387,0.0008176614881439084
L17H12,MLP22,0.0007371787237633387,0.0008176614881439084
L12H10,L13H6,0.0007325160053899106,0.0008176614881439084
L12H0,MLP15,0.0007284949464373985,0.0008176614881439084
L6H0,L12H3,0.0007284317119535526,0.0008176614881439084
L11H6,MLP13,0.0007282716964495897,0.0008176614881439084
MLP7,L11H6,0.0007282716964495897,0.0008176614881439084
L4H15,MLP13,0.0007262009646438685,0.0008176614881439084
MLP4,L9H15,0.0007256656162707638,0.0008176614881439084
MLP2,L13H15,0.0007244368269865182,0.0008176614881439084
L6H0,L12H0,0.0007239629516620331,0.0008176614881439084
MLP2,L10H4,0.0007239506512384613,0.0008176614881439084
MLP3,MLP6,0.0007237647048781489,0.0008176614881439084
L17H4,MLP27,0.000719611387399816,0.0008176614881439084
MLP4,L16H6,0.0007176954137346219,0.0008176614881439084
L10H5,L13H13,0.0007155340112463802,0.0008176614881439084
L12H0,MLP14,0.0007127498153747792,0.0008176614881439084
L2H14,L5H1,0.0007093984831621931,0.0008176614881439084
L5H1,L9H7,0.0007093984831621931,0.0008176614881439084
L4H11,MLP5,0.0007076507245894116,0.0008176614881439084
Input Embed,L4H11,0.0007076507245894116,0.0008176614881439084
MLP4,L11H9,0.0006949593507820675,0.0008176614881439084
L9H5,L12H13,0.0006911743973063183,0.0008176614881439084
L9H7,L13H15,0.000690712086746857,0.0008176614881439084
L9H7,MLP15,0.000690712086746857,0.0008176614881439084
MLP6,L13H15,0.0006835664576414494,0.0008176614881439084
L17H1,L21H12,0.0006822243484931432,0.0008176614881439084
MLP7,L18H14,0.0006767366552589923,0.0008176614881439084
L6H0,L13H11,0.0006756999407156447,0.0008176614881439084
MLP4,L6H5,0.0006739280353670716,0.0008176614881439084
MLP4,L13H11,0.0006739280353670716,0.0008176614881439084
Input Embed,L4H4,0.0006715469062821268,0.0008176614881439084
L4H4,MLP7,0.0006715469062821268,0.0008176614881439084
MLP2,L4H4,0.0006715469062821268,0.0008176614881439084
L15H9,L17H8,0.0006715469062821268,0.0008176614881439084
MLP1,L13H11,0.0006715424211465654,0.0008176614881439084
L16H8,MLP22,0.0006652940172072934,0.0008176614881439084
MLP10,L18H14,0.0006616184160325191,0.0008176614881439084
L11H0,MLP12,0.0006569881055287448,0.0008176614881439084
L11H0,L12H6,0.0006569881055287448,0.0008176614881439084
MLP5,L11H0,0.0006569881055287448,0.0008176614881439084
L2H15,L11H0,0.0006569881055287448,0.0008176614881439084
L6H8,L10H2,0.0006477137657854267,0.0008176614881439084
MLP6,L17H12,0.0006474521982909141,0.0008176614881439084
MLP6,L17H2,0.0006474521982909141,0.0008176614881439084
L2H14,L12H10,0.0006422617585259702,0.0008176614881439084
L12H3,L13H15,0.0006410038904046952,0.0008176614881439084
MLP4,L17H2,0.0006395935702291623,0.0008176614881439084
MLP4,L17H12,0.0006395935702291623,0.0008176614881439084
L17H4,MLP19,0.0006357640576589808,0.0008176614881439084
MLP6,L13H11,0.000627608271528068,0.0008176614881439084
L12H6,L17H2,0.0006064241531603094,0.0008176614881439084
MLP17,L18H2,0.0006016558725134209,0.0008176614881439084
Input Embed,L11H4,0.0006016558725134209,0.0008176614881439084
L18H2,MLP19,0.0006016558725134209,0.0008176614881439084
L11H4,L15H9,0.0006016558725134209,0.0008176614881439084
L15H9,L18H2,0.0006016558725134209,0.0008176614881439084
L2H15,L13H3,0.0005956353824043856,0.0008176614881439084
L6H0,MLP17,0.0005830494986481744,0.0008176614881439084
L13H15,L15H9,0.0005537885098076013,0.0008176614881439084
L2H15,L13H11,0.0005086750337880645,0.0008176614881439084
L4H15,L13H15,0.0005086750337880645,0.0008176614881439084
L2H15,L13H15,0.0005086750337880645,0.0008176614881439084
L4H15,L13H11,0.0005086750337880645,0.0008176614881439084
L17H12,MLP21,0.0004304077865188444,0.0008176614881439084
