sample_id,base_variant,candidate,source_rescue,blocked_rescue,mlp27_mediated_rescue,blocked_retained_fraction,source_tool_top1,blocked_tool_top1,source_boundary_flip,blocked_boundary_flip
apps_python_1,corrupt_full,MLP27,0.6583710407239819,0.0,0.6583710407239819,0.0,False,False,False,False
apps_python_1,corrupt_full,L24H6,0.5475113122171946,0.23529411764705882,0.3122171945701358,0.42975206611570244,False,False,False,False
apps_python_1,corrupt_full,L21H12,0.45701357466063347,0.23529411764705882,0.22171945701357465,0.5148514851485149,False,False,False,False
apps_python_1,corrupt_full,L21H1,0.6266968325791855,0.33031674208144796,0.29638009049773756,0.5270758122743682,False,False,False,False
apps_python_1,corrupt_full,MLP19,0.7319004524886877,0.5180995475113123,0.21380090497737547,0.7078825347758888,False,False,False,False
apps_python_1,corrupt_full,MLP16,0.9680429864253394,0.7714932126696833,0.19654977375565608,0.7969617294770669,True,False,True,False
apps_python_1,corrupt_full,L23H6,0.6787330316742082,0.33031674208144796,0.3484162895927602,0.48666666666666664,False,False,False,False
apps_python_1,corrupt_full,L17H8,0.19909502262443438,0.09954751131221719,0.09954751131221719,0.5,False,False,False,False
apps_python_1,clean_no_schema,MLP27,0.028846153846153848,0.0,0.028846153846153848,0.0,True,False,True,False
apps_python_1,clean_no_schema,L24H6,0.051470588235294115,0.040158371040723985,0.01131221719457013,0.7802197802197803,True,True,True,True
apps_python_1,clean_no_schema,L21H12,0.08031674208144797,0.051470588235294115,0.028846153846153855,0.6408450704225351,True,True,True,True
apps_python_1,clean_no_schema,L21H1,0.11814196832579185,0.07239819004524888,0.04574377828054298,0.6128067025733095,True,True,True,True
apps_python_1,clean_no_schema,MLP19,0.12876484728506787,0.10633484162895927,0.0224300056561086,0.8258064516129032,True,True,True,True
apps_python_1,clean_no_schema,MLP16,0.06108597285067873,-0.014705882352941176,0.0757918552036199,-0.24074074074074076,True,False,True,True
apps_python_1,clean_no_schema,L23H6,0.11085972850678733,0.07183257918552036,0.03902714932126697,0.6479591836734694,True,True,True,True
apps_python_1,clean_no_schema,L17H8,0.08823529411764706,0.06278280542986425,0.025452488687782812,0.7115384615384615,True,True,True,True
apps_python_1,clean_schema_mismatch,MLP27,0.996606334841629,0.0,0.996606334841629,0.0,False,False,False,False
apps_python_1,clean_schema_mismatch,L24H6,0.6832579185520362,0.29411764705882354,0.3891402714932127,0.4304635761589404,False,False,False,False
apps_python_1,clean_schema_mismatch,L21H12,0.9785067873303167,0.5610859728506787,0.41742081447963797,0.5734104046242775,False,False,False,False
apps_python_1,clean_schema_mismatch,L21H1,0.997737556561086,0.5294117647058824,0.4683257918552036,0.5306122448979592,False,False,False,False
apps_python_1,clean_schema_mismatch,MLP19,0.5927601809954751,0.33031674208144796,0.26244343891402716,0.5572519083969465,False,False,False,False
apps_python_1,clean_schema_mismatch,MLP16,0.2669683257918552,0.13574660633484162,0.13122171945701358,0.5084745762711864,False,False,False,False
apps_python_1,clean_schema_mismatch,L23H6,0.8054298642533937,0.39819004524886875,0.40723981900452494,0.49438202247191004,False,False,False,False
apps_python_1,clean_schema_mismatch,L17H8,0.5294117647058824,0.2669683257918552,0.26244343891402716,0.5042735042735043,False,False,False,False
apps_python_1,clean_no_protocol,MLP27,2.013574660633484,0.0,2.013574660633484,0.0,False,False,False,False
apps_python_1,clean_no_protocol,L24H6,1.909502262443439,0.9411764705882353,0.9683257918552037,0.4928909952606635,False,False,False,False
apps_python_1,clean_no_protocol,L21H12,2.009049773755656,1.2307692307692308,0.7782805429864252,0.6126126126126127,False,False,False,False
apps_python_1,clean_no_protocol,L21H1,2.4705882352941178,1.4389140271493213,1.0316742081447965,0.5824175824175823,False,False,False,False
apps_python_1,clean_no_protocol,MLP19,0.36199095022624433,0.23529411764705882,0.12669683257918551,0.65,False,False,False,False
apps_python_1,clean_no_protocol,MLP16,-0.09049773755656108,0.3076923076923077,-0.3981900452488688,-3.4000000000000004,False,False,False,False
apps_python_1,clean_no_protocol,L23H6,1.2307692307692308,0.7239819004524887,0.5067873303167422,0.588235294117647,False,False,False,False
apps_python_1,clean_no_protocol,L17H8,0.6334841628959276,0.38009049773755654,0.25339366515837103,0.6,False,False,False,False
codecontests_cpp_1,corrupt_full,MLP27,0.8844339622641509,0.0,0.8844339622641509,0.0,False,False,False,False
codecontests_cpp_1,corrupt_full,L24H6,0.5778301886792453,0.2783018867924528,0.29952830188679247,0.4816326530612245,False,False,False,False
codecontests_cpp_1,corrupt_full,L21H12,0.8466981132075472,0.4716981132075472,0.375,0.5571030640668524,False,False,False,False
codecontests_cpp_1,corrupt_full,L21H1,0.8443396226415094,0.4528301886792453,0.3915094339622641,0.5363128491620112,False,False,False,False
codecontests_cpp_1,corrupt_full,MLP19,0.6320754716981132,0.3867924528301887,0.24528301886792447,0.6119402985074628,False,False,False,False
codecontests_cpp_1,corrupt_full,MLP16,0.7794811320754716,0.455188679245283,0.32429245283018865,0.583963691376702,False,False,False,False
codecontests_cpp_1,corrupt_full,L23H6,0.6556603773584906,0.3490566037735849,0.3066037735849057,0.5323741007194244,False,False,False,False
codecontests_cpp_1,corrupt_full,L17H8,0.24528301886792453,0.11320754716981132,0.1320754716981132,0.46153846153846156,False,False,False,False
codecontests_cpp_1,clean_no_schema,MLP27,0.30630896226415094,0.0,0.30630896226415094,0.0,True,False,True,False
codecontests_cpp_1,clean_no_schema,L24H6,0.2783018867924528,0.15330188679245282,0.125,0.5508474576271186,True,False,True,False
codecontests_cpp_1,clean_no_schema,L21H12,0.33903301886792453,0.2429245283018868,0.09610849056603774,0.7165217391304348,True,False,True,False
codecontests_cpp_1,clean_no_schema,L21H1,0.3251768867924528,0.23113207547169812,0.0940448113207547,0.7107887579329103,True,False,True,False
codecontests_cpp_1,clean_no_schema,MLP19,0.33814858490566035,0.28773584905660377,0.05041273584905659,0.8509154315605929,True,True,True,True
codecontests_cpp_1,clean_no_schema,MLP16,0.34065448113207547,0.2670990566037736,0.07355542452830188,0.7840761575075725,True,True,True,True
codecontests_cpp_1,clean_no_schema,L23H6,0.3157429245283019,0.2169811320754717,0.09876179245283018,0.6872082166199813,True,False,True,False
codecontests_cpp_1,clean_no_schema,L17H8,0.2429245283018868,0.15683962264150944,0.08608490566037735,0.6456310679611651,False,False,False,False
codecontests_cpp_1,clean_schema_mismatch,MLP27,0.9787735849056604,0.0,0.9787735849056604,0.0,True,False,True,False
codecontests_cpp_1,clean_schema_mismatch,L24H6,0.7051886792452831,0.33490566037735847,0.3702830188679246,0.4749163879598662,False,False,False,False
codecontests_cpp_1,clean_schema_mismatch,L21H12,1.0268278301886793,0.6344339622641509,0.39239386792452835,0.6178581682457651,True,False,True,False
codecontests_cpp_1,clean_schema_mismatch,L21H1,1.0215212264150944,0.6179245283018868,0.40359669811320753,0.604906204906205,True,False,True,False
codecontests_cpp_1,clean_schema_mismatch,MLP19,0.5283018867924528,0.2641509433962264,0.2641509433962264,0.5,False,False,False,False
codecontests_cpp_1,clean_schema_mismatch,MLP16,0.24056603773584906,0.11320754716981132,0.12735849056603774,0.47058823529411764,False,False,False,False
codecontests_cpp_1,clean_schema_mismatch,L23H6,0.7841981132075472,0.37735849056603776,0.4068396226415094,0.481203007518797,False,False,False,False
codecontests_cpp_1,clean_schema_mismatch,L17H8,0.4882075471698113,0.2641509433962264,0.22405660377358488,0.5410628019323672,False,False,False,False
codecontests_cpp_1,clean_no_protocol,MLP27,1.7735849056603774,0.0,1.7735849056603774,0.0,False,False,False,False
codecontests_cpp_1,clean_no_protocol,L24H6,1.6037735849056605,0.8113207547169812,0.7924528301886793,0.5058823529411764,False,False,False,False
codecontests_cpp_1,clean_no_protocol,L21H12,1.721698113207547,0.9764150943396226,0.7452830188679245,0.5671232876712329,False,False,False,False
codecontests_cpp_1,clean_no_protocol,L21H1,1.919811320754717,1.0188679245283019,0.9009433962264151,0.5307125307125308,False,False,False,False
codecontests_cpp_1,clean_no_protocol,MLP19,0.1509433962264151,0.07547169811320754,0.07547169811320754,0.5,False,False,False,False
codecontests_cpp_1,clean_no_protocol,MLP16,-0.9622641509433962,-0.4716981132075472,-0.49056603773584906,0.49019607843137253,False,False,False,False
codecontests_cpp_1,clean_no_protocol,L23H6,1.1462264150943395,0.5849056603773585,0.5613207547169811,0.5102880658436214,False,False,False,False
codecontests_cpp_1,clean_no_protocol,L17H8,0.25471698113207547,0.11320754716981132,0.14150943396226415,0.4444444444444445,False,False,False,False
codecontests_java_1,corrupt_full,MLP27,0.8676108374384236,0.0,0.8676108374384236,0.0,False,False,False,False
codecontests_java_1,corrupt_full,L24H6,0.6748768472906403,0.33497536945812806,0.3399014778325123,0.49635036496350365,False,False,False,False
codecontests_java_1,corrupt_full,L21H12,0.9227216748768473,0.5197044334975369,0.4030172413793104,0.5632298965632299,False,False,False,False
codecontests_java_1,corrupt_full,L21H1,0.6600985221674877,0.33004926108374383,0.33004926108374383,0.5,False,False,False,False
codecontests_java_1,corrupt_full,MLP19,0.541871921182266,0.30049261083743845,0.24137931034482757,0.5545454545454546,False,False,False,False
codecontests_java_1,corrupt_full,MLP16,0.5665024630541872,0.3399014778325123,0.22660098522167488,0.6,False,False,False,False
codecontests_java_1,corrupt_full,L23H6,0.6527093596059114,0.3399014778325123,0.3128078817733991,0.520754716981132,False,False,False,False
codecontests_java_1,corrupt_full,L17H8,0.3645320197044335,0.16748768472906403,0.19704433497536947,0.45945945945945943,False,False,False,False
codecontests_java_1,clean_no_schema,MLP27,0.7136699507389163,0.0,0.7136699507389163,0.0,False,False,False,False
codecontests_java_1,clean_no_schema,L24H6,0.6330049261083743,0.31773399014778325,0.3152709359605911,0.5019455252918288,False,False,False,False
codecontests_java_1,clean_no_schema,L21H12,0.7781711822660099,0.45566502463054187,0.322506157635468,0.5855588526211671,True,False,True,False
codecontests_java_1,clean_no_schema,L21H1,0.6379310344827587,0.3054187192118227,0.332512315270936,0.47876447876447875,False,False,False,False
codecontests_java_1,clean_no_schema,MLP19,0.6693349753694581,0.3891625615763547,0.28017241379310337,0.5814167433302668,False,False,False,False
codecontests_java_1,clean_no_schema,MLP16,0.4852216748768473,0.2955665024630542,0.1896551724137931,0.6091370558375635,False,False,False,False
codecontests_java_1,clean_no_schema,L23H6,0.6083743842364532,0.30049261083743845,0.30788177339901474,0.49392712550607293,False,False,False,False
codecontests_java_1,clean_no_schema,L17H8,0.3399014778325123,0.1724137931034483,0.167487684729064,0.5072463768115942,False,False,False,False
codecontests_java_1,clean_schema_mismatch,MLP27,0.9861453201970444,0.0,0.9861453201970444,0.0,True,False,True,False
codecontests_java_1,clean_schema_mismatch,L24H6,0.7992610837438424,0.3891625615763547,0.4100985221674877,0.4869029275808937,False,False,False,False
codecontests_java_1,clean_schema_mismatch,L21H12,1.0224753694581281,0.5812807881773399,0.44119458128078826,0.5685034628124058,True,False,True,False
codecontests_java_1,clean_schema_mismatch,L21H1,0.8251231527093597,0.41379310344827586,0.4113300492610838,0.5014925373134328,False,False,False,False
codecontests_java_1,clean_schema_mismatch,MLP19,0.28078817733990147,0.1724137931034483,0.10837438423645318,0.6140350877192983,False,False,False,False
codecontests_java_1,clean_schema_mismatch,MLP16,0.11822660098522167,0.10344827586206896,0.014778325123152705,0.875,False,False,False,False
codecontests_java_1,clean_schema_mismatch,L23H6,0.6995073891625616,0.3399014778325123,0.3596059113300493,0.48591549295774644,False,False,False,False
codecontests_java_1,clean_schema_mismatch,L17H8,0.3103448275862069,0.15763546798029557,0.15270935960591134,0.5079365079365079,False,False,False,False
codecontests_java_1,clean_no_protocol,MLP27,0.7410714285714286,0.0,0.7410714285714286,0.0,True,False,True,False
codecontests_java_1,clean_no_protocol,L24H6,0.5086206896551724,0.25862068965517243,0.24999999999999994,0.5084745762711865,False,False,False,False
codecontests_java_1,clean_no_protocol,L21H12,0.6865763546798029,0.4236453201970443,0.2629310344827586,0.6170403587443946,False,False,False,False
codecontests_java_1,clean_no_protocol,L21H1,0.6508620689655172,0.3645320197044335,0.28633004926108374,0.5600756859035004,False,False,False,False
codecontests_java_1,clean_no_protocol,MLP19,-0.10837438423645321,-0.06403940886699508,-0.04433497536945813,0.5909090909090909,False,False,False,False
codecontests_java_1,clean_no_protocol,MLP16,-0.270935960591133,-0.11330049261083744,-0.15763546798029557,0.41818181818181815,False,False,False,False
codecontests_java_1,clean_no_protocol,L23H6,0.43103448275862066,0.25862068965517243,0.17241379310344823,0.6000000000000001,False,False,False,False
codecontests_java_1,clean_no_protocol,L17H8,0.1477832512315271,0.06896551724137931,0.0788177339901478,0.4666666666666666,False,False,False,False
mbpp_python_1,corrupt_full,MLP27,0.7169117647058824,0.0,0.7169117647058824,0.0,False,False,False,False
mbpp_python_1,corrupt_full,L24H6,0.39950980392156865,0.13725490196078433,0.2622549019607843,0.34355828220858897,False,False,False,False
mbpp_python_1,corrupt_full,L21H12,0.3382352941176471,0.13725490196078433,0.20098039215686275,0.4057971014492754,False,False,False,False
mbpp_python_1,corrupt_full,L21H1,0.6666666666666666,0.3382352941176471,0.32843137254901955,0.5073529411764707,False,False,False,False
mbpp_python_1,corrupt_full,MLP19,0.43137254901960786,0.3382352941176471,0.09313725490196079,0.7840909090909091,False,False,False,False
mbpp_python_1,corrupt_full,MLP16,0.5833333333333334,0.3382352941176471,0.2450980392156863,0.5798319327731093,False,False,False,False
mbpp_python_1,corrupt_full,L23H6,0.42892156862745096,0.20588235294117646,0.2230392156862745,0.48,False,False,False,False
mbpp_python_1,corrupt_full,L17H8,0.553921568627451,0.2696078431372549,0.2843137254901961,0.4867256637168141,False,False,False,False
mbpp_python_1,clean_no_schema,MLP27,-0.021139705882352942,0.0,-0.021139705882352942,-0.0,True,False,True,False
mbpp_python_1,clean_no_schema,L24H6,0.00045955882352941176,0.005667892156862745,-0.005208333333333333,12.333333333333334,True,True,True,True
mbpp_python_1,clean_no_schema,L21H12,0.02217371323529412,0.014629289215686275,0.007544424019607844,0.6597582037996546,True,True,True,True
mbpp_python_1,clean_no_schema,L21H1,0.023782169117647058,0.022020526960784315,0.0017616421568627423,0.925925925925926,True,True,True,True
mbpp_python_1,clean_no_schema,MLP19,0.01884191176470588,0.023111979166666668,-0.0042700674019607865,1.2266260162601628,True,True,True,True
mbpp_python_1,clean_no_schema,MLP16,0.0157015931372549,0.011412377450980392,0.00428921568627451,0.7268292682926829,True,True,True,True
mbpp_python_1,clean_no_schema,L23H6,0.020143995098039217,0.010876225490196078,0.009267769607843139,0.5399239543726235,True,True,True,True
mbpp_python_1,clean_no_schema,L17H8,0.02318857230392157,0.023207720588235295,-1.9148284313725422e-05,1.000825763831544,True,True,True,True
mbpp_python_1,clean_schema_mismatch,MLP27,1.125,0.0,1.125,0.0,False,False,False,False
mbpp_python_1,clean_schema_mismatch,L24H6,0.8823529411764706,0.45098039215686275,0.4313725490196078,0.5111111111111112,False,False,False,False
mbpp_python_1,clean_schema_mismatch,L21H12,0.9387254901960784,0.45588235294117646,0.48284313725490197,0.4856396866840731,False,False,False,False
mbpp_python_1,clean_schema_mismatch,L21H1,1.3026960784313726,0.6617647058823529,0.6409313725490197,0.5079962370649106,False,False,True,False
mbpp_python_1,clean_schema_mismatch,MLP19,0.35784313725490197,0.28431372549019607,0.0735294117647059,0.7945205479452054,False,False,False,False
mbpp_python_1,clean_schema_mismatch,MLP16,0.6421568627450981,0.30392156862745096,0.33823529411764713,0.4732824427480915,False,False,False,False
mbpp_python_1,clean_schema_mismatch,L23H6,0.7450980392156863,0.35784313725490197,0.3872549019607843,0.48026315789473684,False,False,False,False
mbpp_python_1,clean_schema_mismatch,L17H8,0.8725490196078431,0.45588235294117646,0.4166666666666667,0.5224719101123595,False,False,False,False
mbpp_python_1,clean_no_protocol,MLP27,3.5980392156862746,0.0,3.5980392156862746,0.0,False,False,False,False
mbpp_python_1,clean_no_protocol,L24H6,3.656862745098039,1.9215686274509804,1.7352941176470587,0.5254691689008043,False,False,False,False
mbpp_python_1,clean_no_protocol,L21H12,2.784313725490196,1.588235294117647,1.196078431372549,0.5704225352112676,False,False,False,False
mbpp_python_1,clean_no_protocol,L21H1,4.137254901960785,2.3529411764705883,1.7843137254901964,0.5687203791469194,False,False,False,False
mbpp_python_1,clean_no_protocol,MLP19,0.7647058823529411,0.35294117647058826,0.41176470588235287,0.4615384615384616,False,False,False,False
mbpp_python_1,clean_no_protocol,MLP16,-0.0392156862745098,0.0392156862745098,-0.0784313725490196,-1.0,False,False,False,False
mbpp_python_1,clean_no_protocol,L23H6,1.6862745098039216,0.9411764705882353,0.7450980392156863,0.5581395348837209,False,False,False,False
mbpp_python_1,clean_no_protocol,L17H8,1.0588235294117647,0.5882352941176471,0.47058823529411764,0.5555555555555556,False,False,False,False
codecontests_java_2,corrupt_full,MLP27,0.8628472222222222,0.0,0.8628472222222222,0.0,False,False,False,False
codecontests_java_2,corrupt_full,L24H6,0.6782407407407407,0.3194444444444444,0.3587962962962963,0.4709897610921502,False,False,False,False
codecontests_java_2,corrupt_full,L21H12,0.6666666666666666,0.3472222222222222,0.3194444444444444,0.5208333333333334,False,False,False,False
codecontests_java_2,corrupt_full,L21H1,0.5833333333333334,0.2916666666666667,0.2916666666666667,0.5,False,False,False,False
codecontests_java_2,corrupt_full,MLP19,0.2777777777777778,0.14351851851851852,0.13425925925925927,0.5166666666666666,False,False,False,False
codecontests_java_2,corrupt_full,MLP16,0.19444444444444445,0.18981481481481483,0.0046296296296296224,0.9761904761904763,False,False,False,False
codecontests_java_2,corrupt_full,L23H6,0.5555555555555556,0.2824074074074074,0.2731481481481482,0.5083333333333333,False,False,False,False
codecontests_java_2,corrupt_full,L17H8,0.13425925925925927,0.05555555555555555,0.07870370370370372,0.4137931034482758,False,False,False,False
codecontests_java_2,clean_no_schema,MLP27,0.5983796296296297,0.0,0.5983796296296297,0.0,True,False,True,False
codecontests_java_2,clean_no_schema,L24H6,0.5405092592592593,0.30324074074074076,0.23726851851851855,0.5610278372591007,False,False,False,False
codecontests_java_2,clean_no_schema,L21H12,0.6108217592592593,0.34953703703703703,0.26128472222222227,0.5722406442444339,True,False,True,False
codecontests_java_2,clean_no_schema,L21H1,0.5335648148148148,0.25925925925925924,0.2743055555555555,0.4859002169197397,False,False,False,False
codecontests_java_2,clean_no_schema,MLP19,0.6258680555555556,0.3923611111111111,0.23350694444444448,0.6269070735090152,True,False,True,False
codecontests_java_2,clean_no_schema,MLP16,0.375,0.18287037037037038,0.19212962962962962,0.4876543209876543,False,False,False,False
codecontests_java_2,clean_no_schema,L23H6,0.5034722222222222,0.24768518518518517,0.25578703703703703,0.4919540229885057,False,False,False,False
codecontests_java_2,clean_no_schema,L17H8,0.30092592592592593,0.1412037037037037,0.15972222222222224,0.4692307692307692,False,False,False,False
codecontests_java_2,clean_schema_mismatch,MLP27,0.3346354166666667,0.0,0.3346354166666667,0.0,True,False,True,False
codecontests_java_2,clean_schema_mismatch,L24H6,0.2337962962962963,0.11574074074074074,0.11805555555555557,0.49504950495049505,False,False,False,False
codecontests_java_2,clean_schema_mismatch,L21H12,0.3169849537037037,0.18287037037037038,0.13411458333333334,0.5769055225924236,True,False,True,False
codecontests_java_2,clean_schema_mismatch,L21H1,0.2757523148148148,0.13194444444444445,0.14380787037037038,0.47848898216159497,True,False,True,False
codecontests_java_2,clean_schema_mismatch,MLP19,0.09606481481481481,0.06597222222222222,0.030092592592592587,0.6867469879518072,False,False,False,False
codecontests_java_2,clean_schema_mismatch,MLP16,-0.0763888888888889,-0.009259259259259259,-0.06712962962962964,0.1212121212121212,False,False,False,False
codecontests_java_2,clean_schema_mismatch,L23H6,0.2037037037037037,0.09606481481481481,0.10763888888888888,0.4715909090909091,False,False,False,False
codecontests_java_2,clean_schema_mismatch,L17H8,0.14583333333333334,0.05439814814814815,0.0914351851851852,0.37301587301587297,False,False,False,False
codecontests_java_2,clean_no_protocol,MLP27,2.2314814814814814,0.0,2.2314814814814814,0.0,False,False,False,False
codecontests_java_2,clean_no_protocol,L24H6,2.0972222222222223,1.0925925925925926,1.0046296296296298,0.5209713024282561,False,False,False,False
codecontests_java_2,clean_no_protocol,L21H12,1.787037037037037,0.9907407407407407,0.7962962962962963,0.5544041450777202,False,False,False,False
codecontests_java_2,clean_no_protocol,L21H1,2.0416666666666665,1.0462962962962963,0.9953703703703702,0.5124716553287982,False,False,False,False
codecontests_java_2,clean_no_protocol,MLP19,-0.16666666666666666,-0.12962962962962962,-0.037037037037037035,0.7777777777777778,False,False,False,False
codecontests_java_2,clean_no_protocol,MLP16,0.16666666666666666,0.12962962962962962,0.037037037037037035,0.7777777777777778,False,False,False,False
codecontests_java_2,clean_no_protocol,L23H6,0.9259259259259259,0.5,0.42592592592592593,0.54,False,False,False,False
codecontests_java_2,clean_no_protocol,L17H8,0.16666666666666666,0.07407407407407407,0.09259259259259259,0.4444444444444444,False,False,False,False
codecontests_cpp_3,corrupt_full,MLP27,0.8247950819672131,0.0,0.8247950819672131,0.0,False,False,False,False
codecontests_cpp_3,corrupt_full,L24H6,0.5573770491803278,0.26229508196721313,0.2950819672131147,0.4705882352941177,False,False,False,False
codecontests_cpp_3,corrupt_full,L21H12,0.6413934426229508,0.3114754098360656,0.32991803278688525,0.48562300319488816,False,False,False,False
codecontests_cpp_3,corrupt_full,L21H1,0.7295081967213115,0.3319672131147541,0.39754098360655743,0.45505617977528084,False,False,False,False
codecontests_cpp_3,corrupt_full,MLP19,0.7233606557377049,0.4344262295081967,0.2889344262295082,0.6005665722379603,False,False,False,False
codecontests_cpp_3,corrupt_full,MLP16,0.5901639344262295,0.36475409836065575,0.22540983606557374,0.6180555555555556,False,False,False,False
codecontests_cpp_3,corrupt_full,L23H6,0.5225409836065574,0.26229508196721313,0.2602459016393443,0.5019607843137255,False,False,False,False
codecontests_cpp_3,corrupt_full,L17H8,0.26639344262295084,0.09016393442622951,0.17622950819672134,0.3384615384615384,False,False,False,False
codecontests_cpp_3,clean_no_schema,MLP27,1.1639344262295082,0.0,1.1639344262295082,0.0,False,False,False,False
codecontests_cpp_3,clean_no_schema,L24H6,0.9713114754098361,0.45901639344262296,0.5122950819672132,0.47257383966244726,False,False,False,False
codecontests_cpp_3,clean_no_schema,L21H12,1.0081967213114753,0.4918032786885246,0.5163934426229507,0.48780487804878053,False,False,False,False
codecontests_cpp_3,clean_no_schema,L21H1,0.8319672131147541,0.4016393442622951,0.430327868852459,0.4827586206896552,False,False,False,False
codecontests_cpp_3,clean_no_schema,MLP19,1.1454918032786885,0.6885245901639344,0.4569672131147541,0.6010733452593918,False,False,False,False
codecontests_cpp_3,clean_no_schema,MLP16,0.8073770491803278,0.5122950819672131,0.29508196721311475,0.6345177664974619,False,False,False,False
codecontests_cpp_3,clean_no_schema,L23H6,0.8483606557377049,0.39344262295081966,0.45491803278688525,0.463768115942029,False,False,False,False
codecontests_cpp_3,clean_no_schema,L17H8,0.5901639344262295,0.3114754098360656,0.2786885245901639,0.5277777777777778,False,False,False,False
codecontests_cpp_3,clean_schema_mismatch,MLP27,1.6926229508196722,0.0,1.6926229508196722,0.0,False,False,False,False
codecontests_cpp_3,clean_schema_mismatch,L24H6,1.1762295081967213,0.5409836065573771,0.6352459016393442,0.4599303135888502,False,False,False,False
codecontests_cpp_3,clean_schema_mismatch,L21H12,1.5102459016393444,0.7868852459016393,0.723360655737705,0.5210312075983717,False,False,False,False
codecontests_cpp_3,clean_schema_mismatch,L21H1,1.1270491803278688,0.5655737704918032,0.5614754098360656,0.5018181818181818,False,False,False,False
codecontests_cpp_3,clean_schema_mismatch,MLP19,0.7786885245901639,0.3442622950819672,0.4344262295081967,0.4421052631578947,False,False,False,False
codecontests_cpp_3,clean_schema_mismatch,MLP16,0.1885245901639344,0.13114754098360656,0.05737704918032785,0.6956521739130436,False,False,False,False
codecontests_cpp_3,clean_schema_mismatch,L23H6,0.8770491803278688,0.4016393442622951,0.47540983606557374,0.45794392523364486,False,False,False,False
codecontests_cpp_3,clean_schema_mismatch,L17H8,0.48360655737704916,0.27049180327868855,0.21311475409836061,0.5593220338983051,False,False,False,False
codecontests_cpp_3,clean_no_protocol,MLP27,3.0081967213114753,0.0,3.0081967213114753,0.0,False,False,False,False
codecontests_cpp_3,clean_no_protocol,L24H6,2.7540983606557377,1.4426229508196722,1.3114754098360655,0.5238095238095238,False,False,False,False
codecontests_cpp_3,clean_no_protocol,L21H12,2.3852459016393444,1.3114754098360655,1.0737704918032789,0.549828178694158,False,False,False,False
codecontests_cpp_3,clean_no_protocol,L21H1,2.680327868852459,1.3770491803278688,1.3032786885245902,0.5137614678899083,False,False,False,False
codecontests_cpp_3,clean_no_protocol,MLP19,-0.32786885245901637,-0.32786885245901637,0.0,1.0,False,False,False,False
codecontests_cpp_3,clean_no_protocol,MLP16,-1.3114754098360655,-0.6885245901639344,-0.6229508196721311,0.525,False,False,False,False
codecontests_cpp_3,clean_no_protocol,L23H6,1.3442622950819672,0.7213114754098361,0.6229508196721311,0.5365853658536586,False,False,False,False
codecontests_cpp_3,clean_no_protocol,L17H8,0.7868852459016393,0.4262295081967213,0.36065573770491804,0.5416666666666666,False,False,False,False
codecontests_java_3,corrupt_full,MLP27,0.8940033783783784,0.0,0.8940033783783784,0.0,False,False,False,False
codecontests_java_3,corrupt_full,L24H6,0.7027027027027027,0.3344594594594595,0.36824324324324326,0.4759615384615385,False,False,False,False
codecontests_java_3,corrupt_full,L21H12,0.9442567567567568,0.5506756756756757,0.39358108108108114,0.5831842576028622,True,False,True,False
codecontests_java_3,corrupt_full,L21H1,0.6706081081081081,0.3344594594594595,0.33614864864864863,0.4987405541561713,False,False,False,False
codecontests_java_3,corrupt_full,MLP19,0.6233108108108109,0.34797297297297297,0.2753378378378379,0.5582655826558265,False,False,False,False
codecontests_java_3,corrupt_full,MLP16,0.6013513513513513,0.36486486486486486,0.23648648648648646,0.6067415730337079,False,False,False,False
codecontests_java_3,corrupt_full,L23H6,0.6908783783783784,0.35135135135135137,0.33952702702702703,0.508557457212714,False,False,False,False
codecontests_java_3,corrupt_full,L17H8,0.5337837837837838,0.25,0.28378378378378377,0.46835443037974683,False,False,False,False
codecontests_java_3,clean_no_schema,MLP27,1.1258445945945945,0.0,1.1258445945945945,0.0,False,False,False,False
codecontests_java_3,clean_no_schema,L24H6,0.9763513513513513,0.4831081081081081,0.4932432432432432,0.4948096885813149,False,False,False,False
codecontests_java_3,clean_no_schema,L21H12,1.179054054054054,0.6385135135135135,0.5405405405405405,0.5415472779369628,False,False,False,False
codecontests_java_3,clean_no_schema,L21H1,0.8665540540540541,0.4189189189189189,0.44763513513513514,0.4834307992202729,False,False,False,False
codecontests_java_3,clean_no_schema,MLP19,1.0929054054054055,0.6114864864864865,0.48141891891891897,0.5595054095826894,False,False,False,False
codecontests_java_3,clean_no_schema,MLP16,0.7668918918918919,0.42905405405405406,0.33783783783783783,0.5594713656387665,False,False,False,False
codecontests_java_3,clean_no_schema,L23H6,0.893581081081081,0.42905405405405406,0.464527027027027,0.4801512287334594,False,False,False,False
codecontests_java_3,clean_no_schema,L17H8,0.4966216216216216,0.23648648648648649,0.2601351351351351,0.4761904761904762,False,False,False,False
codecontests_java_3,clean_schema_mismatch,MLP27,0.20861486486486486,0.0,0.20861486486486486,0.0,True,False,True,False
codecontests_java_3,clean_schema_mismatch,L24H6,0.17145270270270271,0.10430743243243243,0.06714527027027029,0.6083743842364532,True,False,True,False
codecontests_java_3,clean_schema_mismatch,L21H12,0.20964421452702703,0.17694256756756757,0.03270164695945946,0.844013596877754,True,True,True,True
codecontests_java_3,clean_schema_mismatch,L21H1,0.20449746621621623,0.14949324324324326,0.05500422297297297,0.7310273618998452,True,True,True,True
codecontests_java_3,clean_schema_mismatch,MLP19,0.15962837837837837,0.10684121621621621,0.05278716216216216,0.6693121693121693,True,False,True,False
codecontests_java_3,clean_schema_mismatch,MLP16,-0.13766891891891891,-0.014358108108108109,-0.1233108108108108,0.10429447852760737,False,False,False,False
codecontests_java_3,clean_schema_mismatch,L23H6,0.19467905405405406,0.12331081081081081,0.07136824324324324,0.6334056399132321,True,False,True,True
codecontests_java_3,clean_schema_mismatch,L17H8,0.17652027027027026,0.10304054054054054,0.07347972972972971,0.583732057416268,True,False,True,False
codecontests_java_3,clean_no_protocol,MLP27,0.7880067567567568,0.0,0.7880067567567568,0.0,True,False,True,False
codecontests_java_3,clean_no_protocol,L24H6,0.5456081081081081,0.2668918918918919,0.27871621621621623,0.4891640866873065,False,False,False,False
codecontests_java_3,clean_no_protocol,L21H12,0.738597972972973,0.4560810810810811,0.28251689189189194,0.6174957118353345,False,False,True,False
codecontests_java_3,clean_no_protocol,L21H1,0.6849662162162162,0.3783783783783784,0.30658783783783783,0.5524044389642417,False,False,False,False
codecontests_java_3,clean_no_protocol,MLP19,-0.2533783783783784,-0.17229729729729729,-0.08108108108108111,0.6799999999999999,False,False,False,False
codecontests_java_3,clean_no_protocol,MLP16,-0.30067567567567566,-0.11824324324324324,-0.1824324324324324,0.39325842696629215,False,False,False,False
codecontests_java_3,clean_no_protocol,L23H6,0.49493243243243246,0.30743243243243246,0.1875,0.621160409556314,False,False,False,False
codecontests_java_3,clean_no_protocol,L17H8,0.2905405405405405,0.13851351351351351,0.152027027027027,0.4767441860465117,False,False,False,False
apps_python_4,corrupt_full,MLP27,0.8609022556390977,0.0,0.8609022556390977,0.0,True,False,True,False
apps_python_4,corrupt_full,L24H6,0.5939849624060151,0.2932330827067669,0.30075187969924816,0.49367088607594933,False,False,False,False
apps_python_4,corrupt_full,L21H12,0.7518796992481203,0.4699248120300752,0.28195488721804507,0.625,False,False,False,False
apps_python_4,corrupt_full,L21H1,0.7678571428571429,0.4398496240601504,0.3280075187969925,0.5728274173806609,False,False,False,False
apps_python_4,corrupt_full,MLP19,0.7575187969924813,0.5206766917293233,0.23684210526315796,0.6873449131513647,False,False,False,False
apps_python_4,corrupt_full,MLP16,0.6616541353383458,0.42857142857142855,0.23308270676691728,0.6477272727272727,False,False,False,False
apps_python_4,corrupt_full,L23H6,0.7293233082706767,0.41353383458646614,0.31578947368421056,0.5670103092783505,False,False,False,False
apps_python_4,corrupt_full,L17H8,0.49624060150375937,0.24436090225563908,0.25187969924812026,0.49242424242424243,False,False,False,False
apps_python_4,clean_no_schema,MLP27,-0.0013804041353383458,0.0,-0.0013804041353383458,-0.0,True,False,True,False
apps_python_4,clean_no_schema,L24H6,-0.0012335526315789473,-0.0001468515037593985,-0.0010867011278195488,0.11904761904761904,True,True,True,True
apps_python_4,clean_no_schema,L21H12,0.0037447133458646618,0.0036712875939849624,7.342575187969935e-05,0.9803921568627451,True,True,True,True
apps_python_4,clean_no_schema,L21H1,0.0018796992481203006,0.0011454417293233082,0.0007342575187969924,0.609375,True,True,True,True
apps_python_4,clean_no_schema,MLP19,0.004383517387218045,0.0038621945488721806,0.0005213228383458644,0.8810720268006701,True,True,True,True
apps_python_4,clean_no_schema,MLP16,-0.00975093984962406,-0.005756578947368421,-0.00399436090225564,0.5903614457831324,True,True,True,True
apps_python_4,clean_no_schema,L23H6,0.00390625,0.003010455827067669,0.0008957941729323309,0.7706766917293233,True,True,True,True
apps_python_4,clean_no_schema,L17H8,0.004901168937969925,0.004456943139097744,0.00044422579887218056,0.9093632958801497,True,True,True,True
apps_python_4,clean_schema_mismatch,MLP27,1.1254699248120301,0.0,1.1254699248120301,0.0,True,False,True,False
apps_python_4,clean_schema_mismatch,L24H6,0.9285714285714286,0.4849624060150376,0.443609022556391,0.5222672064777327,False,False,False,False
apps_python_4,clean_schema_mismatch,L21H12,1.1541353383458646,0.7819548872180451,0.3721804511278195,0.6775244299674267,True,False,True,False
apps_python_4,clean_schema_mismatch,L21H1,1.1741071428571428,0.7951127819548872,0.3789943609022556,0.6772063237942766,True,False,True,False
apps_python_4,clean_schema_mismatch,MLP19,0.38721804511278196,0.18796992481203006,0.1992481203007519,0.48543689320388345,False,False,False,False
apps_python_4,clean_schema_mismatch,MLP16,-0.3082706766917293,-0.21804511278195488,-0.09022556390977443,0.7073170731707317,False,False,False,False
apps_python_4,clean_schema_mismatch,L23H6,1.0479323308270676,0.5977443609022557,0.4501879699248119,0.5704035874439463,True,False,True,False
apps_python_4,clean_schema_mismatch,L17H8,0.9360902255639098,0.5338345864661654,0.4022556390977443,0.5702811244979921,False,False,False,False
apps_python_4,clean_no_protocol,MLP27,2.706766917293233,0.0,2.706766917293233,0.0,False,False,False,False
apps_python_4,clean_no_protocol,L24H6,2.593984962406015,1.3834586466165413,1.210526315789474,0.5333333333333333,False,False,False,False
apps_python_4,clean_no_protocol,L21H12,2.8646616541353382,1.6842105263157894,1.1804511278195489,0.5879265091863517,False,False,False,False
apps_python_4,clean_no_protocol,L21H1,3.180451127819549,1.8345864661654134,1.3458646616541354,0.5768321513002364,False,False,False,False
apps_python_4,clean_no_protocol,MLP19,1.0075187969924813,0.7518796992481203,0.255639097744361,0.7462686567164178,False,False,False,False
apps_python_4,clean_no_protocol,MLP16,-0.7819548872180451,-0.21052631578947367,-0.5714285714285714,0.2692307692307692,False,False,False,False
apps_python_4,clean_no_protocol,L23H6,2.0225563909774436,1.1578947368421053,0.8646616541353382,0.5724907063197027,False,False,False,False
apps_python_4,clean_no_protocol,L17H8,0.7218045112781954,0.37593984962406013,0.3458646616541353,0.5208333333333334,False,False,False,False
