sample_id,space,variant,semantic,frame,same_centroid_similarity,other_centroid_similarity,semantic_margin,semantic_correct
apps_python_1,l2h14_lead_k,tool_out,tool,out,0.8879476189613342,0.9009280800819397,-0.012980461120605469,False
apps_python_1,l2h14_lead_k,no_tool_out,no_tool,out,0.9485235810279846,0.9717559814453125,-0.02323240041732788,False
apps_python_1,l2h14_lead_k,tool_manually,tool,manually,0.9349220991134644,0.9822836518287659,-0.047361552715301514,False
apps_python_1,l2h14_lead_k,no_tool_manually,no_tool,manually,0.958713173866272,0.9546888470649719,0.004024326801300049,True
apps_python_1,l2h14_lead_k,tool_properly,tool,properly,0.93746417760849,0.9719774723052979,-0.03451329469680786,False
apps_python_1,l2h14_lead_k,no_tool_properly,no_tool,properly,0.9731860756874084,0.9666297435760498,0.006556332111358643,True
apps_python_1,l2h14_lead_k,original_clean,tool,original,0.9407511353492737,0.960882306098938,-0.020131170749664307,False
apps_python_1,l2h14_lead_k,original_corrupt,no_tool,original,0.9527003169059753,0.9579048752784729,-0.005204558372497559,False
apps_python_1,l2h14_z,tool_out,tool,out,0.9757971167564392,0.9804220199584961,-0.004624903202056885,False
apps_python_1,l2h14_z,no_tool_out,no_tool,out,0.9956233501434326,0.9983386993408203,-0.0027153491973876953,False
apps_python_1,l2h14_z,tool_manually,tool,manually,0.9937639832496643,0.9992566704750061,-0.005492687225341797,False
apps_python_1,l2h14_z,no_tool_manually,no_tool,manually,0.9983968138694763,0.9965186715126038,0.0018781423568725586,True
apps_python_1,l2h14_z,tool_properly,tool,properly,0.9900133609771729,0.9969512224197388,-0.006937861442565918,False
apps_python_1,l2h14_z,no_tool_properly,no_tool,properly,0.9976820349693298,0.995632529258728,0.0020495057106018066,True
apps_python_1,l2h14_z,original_clean,tool,original,0.9958887100219727,0.9987001419067383,-0.002811431884765625,False
apps_python_1,l2h14_z,original_corrupt,no_tool,original,0.9910963177680969,0.9933511018753052,-0.002254784107208252,False
apps_python_1,mlp11_out,tool_out,tool,out,0.9918345212936401,0.9875929355621338,0.004241585731506348,True
apps_python_1,mlp11_out,no_tool_out,no_tool,out,0.9934421181678772,0.9951968193054199,-0.0017547011375427246,False
apps_python_1,mlp11_out,tool_manually,tool,manually,0.9962134957313538,0.9931280612945557,0.0030854344367980957,True
apps_python_1,mlp11_out,no_tool_manually,no_tool,manually,0.9957554340362549,0.9932356476783752,0.0025197863578796387,True
apps_python_1,mlp11_out,tool_properly,tool,properly,0.9934463500976562,0.9956649541854858,-0.00221860408782959,False
apps_python_1,mlp11_out,no_tool_properly,no_tool,properly,0.9937439560890198,0.988761305809021,0.004982650279998779,True
apps_python_1,mlp11_out,original_clean,tool,original,0.9962197542190552,0.9933258891105652,0.0028938651084899902,True
apps_python_1,mlp11_out,original_corrupt,no_tool,original,0.9949831366539001,0.9900883436203003,0.0048947930335998535,True
codecontests_cpp_1,l2h14_lead_k,tool_out,tool,out,0.8879207968711853,0.9008570909500122,-0.012936294078826904,False
codecontests_cpp_1,l2h14_lead_k,no_tool_out,no_tool,out,0.9484388828277588,0.9717683792114258,-0.023329496383666992,False
codecontests_cpp_1,l2h14_lead_k,tool_manually,tool,manually,0.9347832798957825,0.9822684526443481,-0.047485172748565674,False
codecontests_cpp_1,l2h14_lead_k,no_tool_manually,no_tool,manually,0.9585912823677063,0.9545993804931641,0.003991901874542236,True
codecontests_cpp_1,l2h14_lead_k,tool_properly,tool,properly,0.9374510645866394,0.9719817638397217,-0.034530699253082275,False
codecontests_cpp_1,l2h14_lead_k,no_tool_properly,no_tool,properly,0.9732096791267395,0.9666546583175659,0.006555020809173584,True
codecontests_cpp_1,l2h14_lead_k,original_clean,tool,original,0.9580861330032349,0.9008570909500122,0.057229042053222656,True
codecontests_cpp_1,l2h14_lead_k,original_corrupt,no_tool,original,0.9770863056182861,0.9717683792114258,0.0053179264068603516,True
codecontests_cpp_1,l2h14_z,tool_out,tool,out,0.9657268524169922,0.9725805521011353,-0.006853699684143066,False
codecontests_cpp_1,l2h14_z,no_tool_out,no_tool,out,0.9945040345191956,0.9964516162872314,-0.0019475817680358887,False
codecontests_cpp_1,l2h14_z,tool_manually,tool,manually,0.9888827204704285,0.9980830550193787,-0.009200334548950195,False
codecontests_cpp_1,l2h14_z,no_tool_manually,no_tool,manually,0.9973587989807129,0.9943314790725708,0.00302731990814209,True
codecontests_cpp_1,l2h14_z,tool_properly,tool,properly,0.9839437007904053,0.9931588172912598,-0.009215116500854492,False
codecontests_cpp_1,l2h14_z,no_tool_properly,no_tool,properly,0.9973213076591492,0.9941251277923584,0.0031961798667907715,True
codecontests_cpp_1,l2h14_z,original_clean,tool,original,0.9855069518089294,0.9725805521011353,0.01292639970779419,True
codecontests_cpp_1,l2h14_z,original_corrupt,no_tool,original,0.9976301789283752,0.9964516162872314,0.0011785626411437988,True
codecontests_cpp_1,mlp11_out,tool_out,tool,out,0.9941266775131226,0.9929174184799194,0.001209259033203125,True
codecontests_cpp_1,mlp11_out,no_tool_out,no_tool,out,0.9960259199142456,0.9966856241226196,-0.0006597042083740234,False
codecontests_cpp_1,mlp11_out,tool_manually,tool,manually,0.9969837069511414,0.994850754737854,0.0021329522132873535,True
codecontests_cpp_1,mlp11_out,no_tool_manually,no_tool,manually,0.9973639249801636,0.996258556842804,0.0011053681373596191,True
codecontests_cpp_1,mlp11_out,tool_properly,tool,properly,0.9952337741851807,0.9960922002792358,-0.0008584260940551758,False
codecontests_cpp_1,mlp11_out,no_tool_properly,no_tool,properly,0.9954621195793152,0.992084264755249,0.003377854824066162,True
codecontests_cpp_1,mlp11_out,original_clean,tool,original,0.9973984956741333,0.9929174184799194,0.004481077194213867,True
codecontests_cpp_1,mlp11_out,original_corrupt,no_tool,original,0.9982366561889648,0.9966856241226196,0.0015510320663452148,True
codecontests_java_1,l2h14_lead_k,tool_out,tool,out,0.8877358436584473,0.9006556272506714,-0.012919783592224121,False
codecontests_java_1,l2h14_lead_k,no_tool_out,no_tool,out,0.9484802484512329,0.9717676639556885,-0.023287415504455566,False
codecontests_java_1,l2h14_lead_k,tool_manually,tool,manually,0.9346797466278076,0.9822873473167419,-0.047607600688934326,False
codecontests_java_1,l2h14_lead_k,no_tool_manually,no_tool,manually,0.9586719274520874,0.954542875289917,0.00412905216217041,True
codecontests_java_1,l2h14_lead_k,tool_properly,tool,properly,0.9374529719352722,0.9719245433807373,-0.03447157144546509,False
codecontests_java_1,l2h14_lead_k,no_tool_properly,no_tool,properly,0.973158597946167,0.9666372537612915,0.006521344184875488,True
codecontests_java_1,l2h14_lead_k,original_clean,tool,original,0.9227296710014343,0.8982012867927551,0.0245283842086792,True
codecontests_java_1,l2h14_lead_k,original_corrupt,no_tool,original,0.9238758087158203,0.946550726890564,-0.022674918174743652,False
codecontests_java_1,l2h14_z,tool_out,tool,out,0.9742910861968994,0.9799370765686035,-0.0056459903717041016,False
codecontests_java_1,l2h14_z,no_tool_out,no_tool,out,0.9951869249343872,0.9972680807113647,-0.002081155776977539,False
codecontests_java_1,l2h14_z,tool_manually,tool,manually,0.9918287992477417,0.9984959959983826,-0.006667196750640869,False
codecontests_java_1,l2h14_z,no_tool_manually,no_tool,manually,0.9977028965950012,0.9955638647079468,0.0021390318870544434,True
codecontests_java_1,l2h14_z,tool_properly,tool,properly,0.9874682426452637,0.99431973695755,-0.006851494312286377,False
codecontests_java_1,l2h14_z,no_tool_properly,no_tool,properly,0.9976824522018433,0.995624840259552,0.0020576119422912598,True
codecontests_java_1,l2h14_z,original_clean,tool,original,0.9937947392463684,0.9960610866546631,-0.0022663474082946777,False
codecontests_java_1,l2h14_z,original_corrupt,no_tool,original,0.911064863204956,0.9234234094619751,-0.012358546257019043,False
codecontests_java_1,mlp11_out,tool_out,tool,out,0.9946941137313843,0.9912701845169067,0.003423929214477539,True
codecontests_java_1,mlp11_out,no_tool_out,no_tool,out,0.9954867362976074,0.9960956573486328,-0.0006089210510253906,False
codecontests_java_1,mlp11_out,tool_manually,tool,manually,0.9964442253112793,0.9938581585884094,0.002586066722869873,True
codecontests_java_1,mlp11_out,no_tool_manually,no_tool,manually,0.9967294931411743,0.9951367378234863,0.0015927553176879883,True
codecontests_java_1,mlp11_out,tool_properly,tool,properly,0.9943230152130127,0.9955915212631226,-0.0012685060501098633,False
codecontests_java_1,mlp11_out,no_tool_properly,no_tool,properly,0.9938116073608398,0.9898406863212585,0.003970921039581299,True
codecontests_java_1,mlp11_out,original_clean,tool,original,0.9963573217391968,0.98935866355896,0.006998658180236816,True
codecontests_java_1,mlp11_out,original_corrupt,no_tool,original,0.9962890148162842,0.9942945837974548,0.0019944310188293457,True
mbpp_python_1,l2h14_lead_k,tool_out,tool,out,0.8872956037521362,0.9002777338027954,-0.01298213005065918,False
mbpp_python_1,l2h14_lead_k,no_tool_out,no_tool,out,0.948593258857727,0.9718072414398193,-0.023213982582092285,False
mbpp_python_1,l2h14_lead_k,tool_manually,tool,manually,0.934650719165802,0.9822876453399658,-0.04763692617416382,False
mbpp_python_1,l2h14_lead_k,no_tool_manually,no_tool,manually,0.9587134718894958,0.9544853568077087,0.004228115081787109,True
mbpp_python_1,l2h14_lead_k,tool_properly,tool,properly,0.9371864795684814,0.9721593856811523,-0.0349729061126709,False
mbpp_python_1,l2h14_lead_k,no_tool_properly,no_tool,properly,0.9732316136360168,0.9667503237724304,0.006481289863586426,True
mbpp_python_1,l2h14_lead_k,original_clean,tool,original,0.9688663482666016,0.9822876453399658,-0.013421297073364258,False
mbpp_python_1,l2h14_lead_k,original_corrupt,no_tool,original,0.9526053667068481,0.9120479226112366,0.04055744409561157,True
mbpp_python_1,l2h14_z,tool_out,tool,out,0.9681099057197571,0.9751420617103577,-0.007032155990600586,False
mbpp_python_1,l2h14_z,no_tool_out,no_tool,out,0.9938242435455322,0.9975375533103943,-0.0037133097648620605,False
mbpp_python_1,l2h14_z,tool_manually,tool,manually,0.9908625483512878,0.9987217783927917,-0.007859230041503906,False
mbpp_python_1,l2h14_z,no_tool_manually,no_tool,manually,0.9974319338798523,0.9948238730430603,0.002608060836791992,True
mbpp_python_1,l2h14_z,tool_properly,tool,properly,0.985858142375946,0.9946675896644592,-0.008809447288513184,False
mbpp_python_1,l2h14_z,no_tool_properly,no_tool,properly,0.996277928352356,0.9943567514419556,0.0019211769104003906,True
mbpp_python_1,l2h14_z,original_clean,tool,original,0.9958548545837402,0.9987217783927917,-0.0028669238090515137,False
mbpp_python_1,l2h14_z,original_corrupt,no_tool,original,0.9964032173156738,0.9911718368530273,0.005231380462646484,True
mbpp_python_1,mlp11_out,tool_out,tool,out,0.9905810952186584,0.988362193107605,0.002218902111053467,True
mbpp_python_1,mlp11_out,no_tool_out,no_tool,out,0.9938650131225586,0.9957289695739746,-0.0018639564514160156,False
mbpp_python_1,mlp11_out,tool_manually,tool,manually,0.9952813386917114,0.9935411214828491,0.0017402172088623047,True
mbpp_python_1,mlp11_out,no_tool_manually,no_tool,manually,0.9957324266433716,0.993333637714386,0.0023987889289855957,True
mbpp_python_1,mlp11_out,tool_properly,tool,properly,0.9919692277908325,0.9933875799179077,-0.0014183521270751953,False
mbpp_python_1,mlp11_out,no_tool_properly,no_tool,properly,0.9934906959533691,0.988654613494873,0.004836082458496094,True
mbpp_python_1,mlp11_out,original_clean,tool,original,0.9979029893875122,0.9935411214828491,0.004361867904663086,True
mbpp_python_1,mlp11_out,original_corrupt,no_tool,original,0.9933605194091797,0.9889905452728271,0.004369974136352539,True
codecontests_java_2,l2h14_lead_k,tool_out,tool,out,0.8872610330581665,0.900147557258606,-0.012886524200439453,False
codecontests_java_2,l2h14_lead_k,no_tool_out,no_tool,out,0.9486600160598755,0.9717797636985779,-0.023119747638702393,False
codecontests_java_2,l2h14_lead_k,tool_manually,tool,manually,0.9346466064453125,0.9822835922241211,-0.047636985778808594,False
codecontests_java_2,l2h14_lead_k,no_tool_manually,no_tool,manually,0.9588303565979004,0.9545277953147888,0.004302561283111572,True
codecontests_java_2,l2h14_lead_k,tool_properly,tool,properly,0.937131941318512,0.9721697568893433,-0.0350378155708313,False
codecontests_java_2,l2h14_lead_k,no_tool_properly,no_tool,properly,0.9731805324554443,0.9666937589645386,0.006486773490905762,True
codecontests_java_2,l2h14_lead_k,original_clean,tool,original,0.9406612515449524,0.9361806511878967,0.004480600357055664,True
codecontests_java_2,l2h14_lead_k,original_corrupt,no_tool,original,0.9372515678405762,0.95567786693573,-0.01842629909515381,False
codecontests_java_2,l2h14_z,tool_out,tool,out,0.9629165530204773,0.9711676239967346,-0.008251070976257324,False
codecontests_java_2,l2h14_z,no_tool_out,no_tool,out,0.9924548268318176,0.9964888691902161,-0.0040340423583984375,False
codecontests_java_2,l2h14_z,tool_manually,tool,manually,0.9887988567352295,0.9979917407035828,-0.009192883968353271,False
codecontests_java_2,l2h14_z,no_tool_manually,no_tool,manually,0.9968521595001221,0.9935784339904785,0.0032737255096435547,True
codecontests_java_2,l2h14_z,tool_properly,tool,properly,0.9814910888671875,0.9922508001327515,-0.010759711265563965,False
codecontests_java_2,l2h14_z,no_tool_properly,no_tool,properly,0.9959787130355835,0.9931396842002869,0.002839028835296631,True
codecontests_java_2,l2h14_z,original_clean,tool,original,0.9931163191795349,0.9952775835990906,-0.002161264419555664,False
codecontests_java_2,l2h14_z,original_corrupt,no_tool,original,0.9190531373023987,0.9360865354537964,-0.017033398151397705,False
codecontests_java_2,mlp11_out,tool_out,tool,out,0.9947717189788818,0.9917035698890686,0.0030681490898132324,True
codecontests_java_2,mlp11_out,no_tool_out,no_tool,out,0.9967709183692932,0.9957258701324463,0.0010450482368469238,True
codecontests_java_2,mlp11_out,tool_manually,tool,manually,0.9967033267021179,0.9935212135314941,0.0031821131706237793,True
codecontests_java_2,mlp11_out,no_tool_manually,no_tool,manually,0.9972088932991028,0.995660662651062,0.0015482306480407715,True
codecontests_java_2,mlp11_out,tool_properly,tool,properly,0.9951189756393433,0.995708167552948,-0.0005891919136047363,False
codecontests_java_2,mlp11_out,no_tool_properly,no_tool,properly,0.9956040382385254,0.9909414052963257,0.004662632942199707,True
codecontests_java_2,mlp11_out,original_clean,tool,original,0.9942939877510071,0.9867501258850098,0.0075438618659973145,True
codecontests_java_2,mlp11_out,original_corrupt,no_tool,original,0.9957448244094849,0.991870105266571,0.0038747191429138184,True
codecontests_cpp_3,l2h14_lead_k,tool_out,tool,out,0.8879476189613342,0.9009116888046265,-0.012964069843292236,False
codecontests_cpp_3,l2h14_lead_k,no_tool_out,no_tool,out,0.9484681487083435,0.9717559814453125,-0.023287832736968994,False
codecontests_cpp_3,l2h14_lead_k,tool_manually,tool,manually,0.9349220991134644,0.9822861552238464,-0.04736405611038208,False
codecontests_cpp_3,l2h14_lead_k,no_tool_manually,no_tool,manually,0.9586668014526367,0.9546604752540588,0.004006326198577881,True
codecontests_cpp_3,l2h14_lead_k,tool_properly,tool,properly,0.93746417760849,0.9720028638839722,-0.03453868627548218,False
codecontests_cpp_3,l2h14_lead_k,no_tool_properly,no_tool,properly,0.9732190370559692,0.9666297435760498,0.006589293479919434,True
codecontests_cpp_3,l2h14_lead_k,original_clean,tool,original,0.948306143283844,0.9250597953796387,0.023246347904205322,True
codecontests_cpp_3,l2h14_lead_k,original_corrupt,no_tool,original,0.9224780797958374,0.9450318217277527,-0.022553741931915283,False
codecontests_cpp_3,l2h14_z,tool_out,tool,out,0.9730188846588135,0.9777271151542664,-0.004708230495452881,False
codecontests_cpp_3,l2h14_z,no_tool_out,no_tool,out,0.9955590963363647,0.9977879524230957,-0.002228856086730957,False
codecontests_cpp_3,l2h14_z,tool_manually,tool,manually,0.9923889636993408,0.9987265467643738,-0.006337583065032959,False
codecontests_cpp_3,l2h14_z,no_tool_manually,no_tool,manually,0.9981555938720703,0.9956175684928894,0.002538025379180908,True
codecontests_cpp_3,l2h14_z,tool_properly,tool,properly,0.987602710723877,0.9952685236930847,-0.007665812969207764,False
codecontests_cpp_3,l2h14_z,no_tool_properly,no_tool,properly,0.9977831840515137,0.9948908090591431,0.0028923749923706055,True
codecontests_cpp_3,l2h14_z,original_clean,tool,original,0.9937363862991333,0.9914032220840454,0.0023331642150878906,True
codecontests_cpp_3,l2h14_z,original_corrupt,no_tool,original,0.9579448699951172,0.9663974046707153,-0.008452534675598145,False
codecontests_cpp_3,mlp11_out,tool_out,tool,out,0.9937905073165894,0.9915744066238403,0.0022161006927490234,True
codecontests_cpp_3,mlp11_out,no_tool_out,no_tool,out,0.9944542050361633,0.9973300695419312,-0.0028758645057678223,False
codecontests_cpp_3,mlp11_out,tool_manually,tool,manually,0.9964472651481628,0.9947444200515747,0.0017028450965881348,True
codecontests_cpp_3,mlp11_out,no_tool_manually,no_tool,manually,0.9959642887115479,0.9942559599876404,0.0017083287239074707,True
codecontests_cpp_3,mlp11_out,tool_properly,tool,properly,0.9946682453155518,0.9958370327949524,-0.0011687874794006348,False
codecontests_cpp_3,mlp11_out,no_tool_properly,no_tool,properly,0.9933723211288452,0.9901532530784607,0.0032190680503845215,True
codecontests_cpp_3,mlp11_out,original_clean,tool,original,0.9973454475402832,0.9945204854011536,0.0028249621391296387,True
codecontests_cpp_3,mlp11_out,original_corrupt,no_tool,original,0.99486243724823,0.9946548938751221,0.00020754337310791016,True
codecontests_java_3,l2h14_lead_k,tool_out,tool,out,0.8879476189613342,0.9009280800819397,-0.012980461120605469,False
codecontests_java_3,l2h14_lead_k,no_tool_out,no_tool,out,0.9485235810279846,0.9717559814453125,-0.02323240041732788,False
codecontests_java_3,l2h14_lead_k,tool_manually,tool,manually,0.9349220991134644,0.9822836518287659,-0.047361552715301514,False
codecontests_java_3,l2h14_lead_k,no_tool_manually,no_tool,manually,0.958713173866272,0.9546888470649719,0.004024326801300049,True
codecontests_java_3,l2h14_lead_k,tool_properly,tool,properly,0.93746417760849,0.9719774723052979,-0.03451329469680786,False
codecontests_java_3,l2h14_lead_k,no_tool_properly,no_tool,properly,0.9731860756874084,0.9666297435760498,0.006556332111358643,True
codecontests_java_3,l2h14_lead_k,original_clean,tool,original,0.9228690266609192,0.898240864276886,0.024628162384033203,True
codecontests_java_3,l2h14_lead_k,original_corrupt,no_tool,original,0.9238787889480591,0.9465851783752441,-0.02270638942718506,False
codecontests_java_3,l2h14_z,tool_out,tool,out,0.9749883413314819,0.9803807139396667,-0.0053923726081848145,False
codecontests_java_3,l2h14_z,no_tool_out,no_tool,out,0.9957477450370789,0.9976828098297119,-0.0019350647926330566,False
codecontests_java_3,l2h14_z,tool_manually,tool,manually,0.9934799075126648,0.9986054301261902,-0.005125522613525391,False
codecontests_java_3,l2h14_z,no_tool_manually,no_tool,manually,0.9980865120887756,0.9958586692810059,0.0022278428077697754,True
codecontests_java_3,l2h14_z,tool_properly,tool,properly,0.9878138303756714,0.9951658844947815,-0.007352054119110107,False
codecontests_java_3,l2h14_z,no_tool_properly,no_tool,properly,0.9977956414222717,0.9958228468894958,0.001972794532775879,True
codecontests_java_3,l2h14_z,original_clean,tool,original,0.994139552116394,0.9967800378799438,-0.0026404857635498047,False
codecontests_java_3,l2h14_z,original_corrupt,no_tool,original,0.8955968618392944,0.9099228382110596,-0.014325976371765137,False
codecontests_java_3,mlp11_out,tool_out,tool,out,0.9945539832115173,0.9924516677856445,0.0021023154258728027,True
codecontests_java_3,mlp11_out,no_tool_out,no_tool,out,0.9959449768066406,0.9963255524635315,-0.00038057565689086914,False
codecontests_java_3,mlp11_out,tool_manually,tool,manually,0.9964240193367004,0.9945769906044006,0.0018470287322998047,True
codecontests_java_3,mlp11_out,no_tool_manually,no_tool,manually,0.9972177743911743,0.996336817741394,0.0008809566497802734,True
codecontests_java_3,mlp11_out,tool_properly,tool,properly,0.9946771860122681,0.9960598945617676,-0.0013827085494995117,False
codecontests_java_3,mlp11_out,no_tool_properly,no_tool,properly,0.9942227005958557,0.9912941455841064,0.0029285550117492676,True
codecontests_java_3,mlp11_out,original_clean,tool,original,0.996659517288208,0.9907075762748718,0.005951941013336182,True
codecontests_java_3,mlp11_out,original_corrupt,no_tool,original,0.9971634149551392,0.9948134422302246,0.0023499727249145508,True
apps_python_4,l2h14_lead_k,tool_out,tool,out,0.8877358436584473,0.9006556272506714,-0.012919783592224121,False
apps_python_4,l2h14_lead_k,no_tool_out,no_tool,out,0.9484802484512329,0.9717676639556885,-0.023287415504455566,False
apps_python_4,l2h14_lead_k,tool_manually,tool,manually,0.9346797466278076,0.9822873473167419,-0.047607600688934326,False
apps_python_4,l2h14_lead_k,no_tool_manually,no_tool,manually,0.9586719274520874,0.954542875289917,0.00412905216217041,True
apps_python_4,l2h14_lead_k,tool_properly,tool,properly,0.9374529719352722,0.9719245433807373,-0.03447157144546509,False
apps_python_4,l2h14_lead_k,no_tool_properly,no_tool,properly,0.973158597946167,0.9666372537612915,0.006521344184875488,True
apps_python_4,l2h14_lead_k,original_clean,tool,original,0.9580000638961792,0.9006556272506714,0.05734443664550781,True
apps_python_4,l2h14_lead_k,original_corrupt,no_tool,original,0.9770901203155518,0.9717676639556885,0.005322456359863281,True
apps_python_4,l2h14_z,tool_out,tool,out,0.9771540760993958,0.9816581010818481,-0.004504024982452393,False
apps_python_4,l2h14_z,no_tool_out,no_tool,out,0.9966099858283997,0.998255729675293,-0.0016457438468933105,False
apps_python_4,l2h14_z,tool_manually,tool,manually,0.9935194253921509,0.9990653395652771,-0.005545914173126221,False
apps_python_4,l2h14_z,no_tool_manually,no_tool,manually,0.9984079003334045,0.9962208271026611,0.002187073230743408,True
apps_python_4,l2h14_z,tool_properly,tool,properly,0.9894617795944214,0.9957000613212585,-0.006238281726837158,False
apps_python_4,l2h14_z,no_tool_properly,no_tool,properly,0.998144268989563,0.9962497353553772,0.001894533634185791,True
apps_python_4,l2h14_z,original_clean,tool,original,0.9899967908859253,0.9816581010818481,0.008338689804077148,True
apps_python_4,l2h14_z,original_corrupt,no_tool,original,0.9985217452049255,0.998255729675293,0.00026601552963256836,True
apps_python_4,mlp11_out,tool_out,tool,out,0.991674542427063,0.9889206290245056,0.002753913402557373,True
apps_python_4,mlp11_out,no_tool_out,no_tool,out,0.9950485229492188,0.9960052967071533,-0.0009567737579345703,False
apps_python_4,mlp11_out,tool_manually,tool,manually,0.9954557418823242,0.9941155910491943,0.0013401508331298828,True
apps_python_4,mlp11_out,no_tool_manually,no_tool,manually,0.9967539310455322,0.99492347240448,0.001830458641052246,True
apps_python_4,mlp11_out,tool_properly,tool,properly,0.9929378032684326,0.9957451820373535,-0.0028073787689208984,False
apps_python_4,mlp11_out,no_tool_properly,no_tool,properly,0.9948161244392395,0.9908002614974976,0.004015862941741943,True
apps_python_4,mlp11_out,original_clean,tool,original,0.9963150024414062,0.9889206290245056,0.007394373416900635,True
apps_python_4,mlp11_out,original_corrupt,no_tool,original,0.9977846145629883,0.9960052967071533,0.001779317855834961,True
codecontests_cpp_4,l2h14_lead_k,tool_out,tool,out,0.8877255916595459,0.9006733894348145,-0.012947797775268555,False
codecontests_cpp_4,l2h14_lead_k,no_tool_out,no_tool,out,0.9484376907348633,0.9717597961425781,-0.023322105407714844,False
codecontests_cpp_4,l2h14_lead_k,tool_manually,tool,manually,0.9346878528594971,0.9823004603385925,-0.04761260747909546,False
codecontests_cpp_4,l2h14_lead_k,no_tool_manually,no_tool,manually,0.9586623907089233,0.954535961151123,0.004126429557800293,True
codecontests_cpp_4,l2h14_lead_k,tool_properly,tool,properly,0.9374384880065918,0.971947431564331,-0.03450894355773926,False
codecontests_cpp_4,l2h14_lead_k,no_tool_properly,no_tool,properly,0.973188042640686,0.9666996002197266,0.006488442420959473,True
codecontests_cpp_4,l2h14_lead_k,original_clean,tool,original,0.9565492272377014,0.9437904357910156,0.012758791446685791,True
codecontests_cpp_4,l2h14_lead_k,original_corrupt,no_tool,original,0.9667015075683594,0.9615668058395386,0.005134701728820801,True
codecontests_cpp_4,l2h14_z,tool_out,tool,out,0.9740267395973206,0.9790415167808533,-0.005014777183532715,False
codecontests_cpp_4,l2h14_z,no_tool_out,no_tool,out,0.995550274848938,0.9980307817459106,-0.0024805068969726562,False
codecontests_cpp_4,l2h14_z,tool_manually,tool,manually,0.9935291409492493,0.9990047216415405,-0.00547558069229126,False
codecontests_cpp_4,l2h14_z,no_tool_manually,no_tool,manually,0.9980610013008118,0.9960291385650635,0.002031862735748291,True
codecontests_cpp_4,l2h14_z,tool_properly,tool,properly,0.9884887337684631,0.9962314367294312,-0.007742702960968018,False
codecontests_cpp_4,l2h14_z,no_tool_properly,no_tool,properly,0.9977344870567322,0.9954238533973694,0.002310633659362793,True
codecontests_cpp_4,l2h14_z,original_clean,tool,original,0.992802619934082,0.9905509948730469,0.0022516250610351562,True
codecontests_cpp_4,l2h14_z,original_corrupt,no_tool,original,0.9730181694030762,0.9763282537460327,-0.003310084342956543,False
codecontests_cpp_4,mlp11_out,tool_out,tool,out,0.9944413304328918,0.9918591976165771,0.0025821328163146973,True
codecontests_cpp_4,mlp11_out,no_tool_out,no_tool,out,0.9954089522361755,0.997015118598938,-0.0016061663627624512,False
codecontests_cpp_4,mlp11_out,tool_manually,tool,manually,0.996660590171814,0.9945061206817627,0.0021544694900512695,True
codecontests_cpp_4,mlp11_out,no_tool_manually,no_tool,manually,0.9962235689163208,0.9941889643669128,0.002034604549407959,True
codecontests_cpp_4,mlp11_out,tool_properly,tool,properly,0.9949802160263062,0.9959779977798462,-0.000997781753540039,False
codecontests_cpp_4,mlp11_out,no_tool_properly,no_tool,properly,0.9939945340156555,0.9910143613815308,0.002980172634124756,True
codecontests_cpp_4,mlp11_out,original_clean,tool,original,0.9971991181373596,0.9955918788909912,0.0016072392463684082,True
codecontests_cpp_4,mlp11_out,original_corrupt,no_tool,original,0.9970051050186157,0.9926950931549072,0.004310011863708496,True
codecontests_java_4,l2h14_lead_k,tool_out,tool,out,0.8877521753311157,0.9007278680801392,-0.012975692749023438,False
codecontests_java_4,l2h14_lead_k,no_tool_out,no_tool,out,0.948466956615448,0.9717473387718201,-0.02328038215637207,False
codecontests_java_4,l2h14_lead_k,tool_manually,tool,manually,0.934826135635376,0.9823179244995117,-0.04749178886413574,False
codecontests_java_4,l2h14_lead_k,no_tool_manually,no_tool,manually,0.9587377309799194,0.954596757888794,0.004140973091125488,True
codecontests_java_4,l2h14_lead_k,tool_properly,tool,properly,0.9374516010284424,0.9719685912132263,-0.034516990184783936,False
codecontests_java_4,l2h14_lead_k,no_tool_properly,no_tool,properly,0.973197340965271,0.9666746854782104,0.006522655487060547,True
codecontests_java_4,l2h14_lead_k,original_clean,tool,original,0.9321135878562927,0.9162806868553162,0.015832901000976562,True
codecontests_java_4,l2h14_lead_k,original_corrupt,no_tool,original,0.9502153396606445,0.9565510749816895,-0.006335735321044922,False
codecontests_java_4,l2h14_z,tool_out,tool,out,0.9742204546928406,0.9784541726112366,-0.004233717918395996,False
codecontests_java_4,l2h14_z,no_tool_out,no_tool,out,0.9956668615341187,0.9976585507392883,-0.0019916892051696777,False
codecontests_java_4,l2h14_z,tool_manually,tool,manually,0.9927912354469299,0.9987212419509888,-0.005930006504058838,False
codecontests_java_4,l2h14_z,no_tool_manually,no_tool,manually,0.9979122877120972,0.9952290654182434,0.0026832222938537598,True
codecontests_java_4,l2h14_z,tool_properly,tool,properly,0.9880064725875854,0.9952547550201416,-0.007248282432556152,False
codecontests_java_4,l2h14_z,no_tool_properly,no_tool,properly,0.9980093240737915,0.9951436519622803,0.0028656721115112305,True
codecontests_java_4,l2h14_z,original_clean,tool,original,0.9940115213394165,0.9963304400444031,-0.0023189187049865723,False
codecontests_java_4,l2h14_z,original_corrupt,no_tool,original,0.9858542680740356,0.9914194345474243,-0.005565166473388672,False
codecontests_java_4,mlp11_out,tool_out,tool,out,0.9946320056915283,0.991675853729248,0.0029561519622802734,True
codecontests_java_4,mlp11_out,no_tool_out,no_tool,out,0.9960417151451111,0.9963507056236267,-0.000308990478515625,False
codecontests_java_4,mlp11_out,tool_manually,tool,manually,0.9964094758033752,0.9939996004104614,0.0024098753929138184,True
codecontests_java_4,mlp11_out,no_tool_manually,no_tool,manually,0.9974046945571899,0.9957466125488281,0.0016580820083618164,True
codecontests_java_4,mlp11_out,tool_properly,tool,properly,0.9953265190124512,0.9958048462867737,-0.00047832727432250977,False
codecontests_java_4,mlp11_out,no_tool_properly,no_tool,properly,0.9942049384117126,0.9901014566421509,0.004103481769561768,True
codecontests_java_4,mlp11_out,original_clean,tool,original,0.9958516359329224,0.9875220060348511,0.008329629898071289,True
codecontests_java_4,mlp11_out,original_corrupt,no_tool,original,0.9967597723007202,0.997039794921875,-0.00028002262115478516,False
mbpp_python_4,l2h14_lead_k,tool_out,tool,out,0.8879279494285583,0.9013205766677856,-0.013392627239227295,False
mbpp_python_4,l2h14_lead_k,no_tool_out,no_tool,out,0.948230504989624,0.9718464612960815,-0.02361595630645752,False
mbpp_python_4,l2h14_lead_k,tool_manually,tool,manually,0.9348241686820984,0.9823353886604309,-0.04751121997833252,False
mbpp_python_4,l2h14_lead_k,no_tool_manually,no_tool,manually,0.9587209224700928,0.954859733581543,0.0038611888885498047,True
mbpp_python_4,l2h14_lead_k,tool_properly,tool,properly,0.937472403049469,0.9721856117248535,-0.03471320867538452,False
mbpp_python_4,l2h14_lead_k,no_tool_properly,no_tool,properly,0.9732729196548462,0.96692955493927,0.006343364715576172,True
mbpp_python_4,l2h14_lead_k,original_clean,tool,original,0.95818030834198,0.9013205766677856,0.056859731674194336,True
mbpp_python_4,l2h14_lead_k,original_corrupt,no_tool,original,0.9769396781921387,0.9718464612960815,0.005093216896057129,True
mbpp_python_4,l2h14_z,tool_out,tool,out,0.9754924774169922,0.9802126884460449,-0.004720211029052734,False
mbpp_python_4,l2h14_z,no_tool_out,no_tool,out,0.9957687258720398,0.9977545738220215,-0.0019858479499816895,False
mbpp_python_4,l2h14_z,tool_manually,tool,manually,0.9933990240097046,0.9991394281387329,-0.00574040412902832,False
mbpp_python_4,l2h14_z,no_tool_manually,no_tool,manually,0.9982823133468628,0.9963194131851196,0.001962900161743164,True
mbpp_python_4,l2h14_z,tool_properly,tool,properly,0.9897286295890808,0.9961365461349487,-0.00640791654586792,False
mbpp_python_4,l2h14_z,no_tool_properly,no_tool,properly,0.9976139068603516,0.9958149790763855,0.0017989277839660645,True
mbpp_python_4,l2h14_z,original_clean,tool,original,0.9892065525054932,0.9802126884460449,0.008993864059448242,True
mbpp_python_4,l2h14_z,original_corrupt,no_tool,original,0.9981483221054077,0.9977545738220215,0.00039374828338623047,True
mbpp_python_4,mlp11_out,tool_out,tool,out,0.9892184734344482,0.9853789806365967,0.0038394927978515625,True
mbpp_python_4,mlp11_out,no_tool_out,no_tool,out,0.9926654100418091,0.9956877827644348,-0.0030223727226257324,False
mbpp_python_4,mlp11_out,tool_manually,tool,manually,0.9935594797134399,0.9922467470169067,0.0013127326965332031,True
mbpp_python_4,mlp11_out,no_tool_manually,no_tool,manually,0.9960393905639648,0.9927865266799927,0.003252863883972168,True
mbpp_python_4,mlp11_out,tool_properly,tool,properly,0.991289496421814,0.9943267107009888,-0.0030372142791748047,False
mbpp_python_4,mlp11_out,no_tool_properly,no_tool,properly,0.9928104281425476,0.9868179559707642,0.005992472171783447,True
mbpp_python_4,mlp11_out,original_clean,tool,original,0.9952754974365234,0.9853789806365967,0.009896516799926758,True
mbpp_python_4,mlp11_out,original_corrupt,no_tool,original,0.996708869934082,0.9956877827644348,0.0010210871696472168,True
apps_python_5,l2h14_lead_k,tool_out,tool,out,0.8877521753311157,0.9007278680801392,-0.012975692749023438,False
apps_python_5,l2h14_lead_k,no_tool_out,no_tool,out,0.948466956615448,0.9717473387718201,-0.02328038215637207,False
apps_python_5,l2h14_lead_k,tool_manually,tool,manually,0.934826135635376,0.9823179244995117,-0.04749178886413574,False
apps_python_5,l2h14_lead_k,no_tool_manually,no_tool,manually,0.9587377309799194,0.954596757888794,0.004140973091125488,True
apps_python_5,l2h14_lead_k,tool_properly,tool,properly,0.9374516010284424,0.9719685912132263,-0.034516990184783936,False
apps_python_5,l2h14_lead_k,no_tool_properly,no_tool,properly,0.973197340965271,0.9666746854782104,0.006522655487060547,True
apps_python_5,l2h14_lead_k,original_clean,tool,original,0.9406715631484985,0.9608471393585205,-0.020175576210021973,False
apps_python_5,l2h14_lead_k,original_corrupt,no_tool,original,0.9523859024047852,0.9113805890083313,0.04100531339645386,True
apps_python_5,l2h14_z,tool_out,tool,out,0.9735987782478333,0.979547917842865,-0.005949139595031738,False
apps_python_5,l2h14_z,no_tool_out,no_tool,out,0.9954555630683899,0.9980672597885132,-0.002611696720123291,False
apps_python_5,l2h14_z,tool_manually,tool,manually,0.9940488934516907,0.9992498755455017,-0.005200982093811035,False
apps_python_5,l2h14_z,no_tool_manually,no_tool,manually,0.99860018491745,0.9967992305755615,0.0018009543418884277,True
apps_python_5,l2h14_z,tool_properly,tool,properly,0.9890041351318359,0.9967509508132935,-0.0077468156814575195,False
apps_python_5,l2h14_z,no_tool_properly,no_tool,properly,0.9977262020111084,0.9959976673126221,0.0017285346984863281,True
apps_python_5,l2h14_z,original_clean,tool,original,0.9958913326263428,0.998529851436615,-0.002638518810272217,False
apps_python_5,l2h14_z,original_corrupt,no_tool,original,0.9976757168769836,0.9938535690307617,0.003822147846221924,True
apps_python_5,mlp11_out,tool_out,tool,out,0.991625189781189,0.9896944165229797,0.0019307732582092285,True
apps_python_5,mlp11_out,no_tool_out,no_tool,out,0.9953420162200928,0.9961663484573364,-0.0008243322372436523,False
apps_python_5,mlp11_out,tool_manually,tool,manually,0.9958822727203369,0.9947627782821655,0.0011194944381713867,True
apps_python_5,mlp11_out,no_tool_manually,no_tool,manually,0.9962077140808105,0.9943627119064331,0.0018450021743774414,True
apps_python_5,mlp11_out,tool_properly,tool,properly,0.9933567047119141,0.9955124258995056,-0.0021557211875915527,False
apps_python_5,mlp11_out,no_tool_properly,no_tool,properly,0.9947965145111084,0.9919203519821167,0.0028761625289916992,True
apps_python_5,mlp11_out,original_clean,tool,original,0.9959332942962646,0.9941207766532898,0.0018125176429748535,True
apps_python_5,mlp11_out,original_corrupt,no_tool,original,0.9951081275939941,0.9907045364379883,0.004403591156005859,True
codecontests_cpp_5,l2h14_lead_k,tool_out,tool,out,0.8877358436584473,0.9006556272506714,-0.012919783592224121,False
codecontests_cpp_5,l2h14_lead_k,no_tool_out,no_tool,out,0.9484802484512329,0.9717676639556885,-0.023287415504455566,False
codecontests_cpp_5,l2h14_lead_k,tool_manually,tool,manually,0.9346797466278076,0.9822873473167419,-0.047607600688934326,False
codecontests_cpp_5,l2h14_lead_k,no_tool_manually,no_tool,manually,0.9586719274520874,0.954542875289917,0.00412905216217041,True
codecontests_cpp_5,l2h14_lead_k,tool_properly,tool,properly,0.9374529719352722,0.9719245433807373,-0.03447157144546509,False
codecontests_cpp_5,l2h14_lead_k,no_tool_properly,no_tool,properly,0.973158597946167,0.9666372537612915,0.006521344184875488,True
codecontests_cpp_5,l2h14_lead_k,original_clean,tool,original,0.9481809139251709,0.9249739646911621,0.02320694923400879,True
codecontests_cpp_5,l2h14_lead_k,original_corrupt,no_tool,original,0.9667312502861023,0.9615735411643982,0.0051577091217041016,True
codecontests_cpp_5,l2h14_z,tool_out,tool,out,0.9727979302406311,0.9774197340011597,-0.0046218037605285645,False
codecontests_cpp_5,l2h14_z,no_tool_out,no_tool,out,0.995710015296936,0.9975240230560303,-0.0018140077590942383,False
codecontests_cpp_5,l2h14_z,tool_manually,tool,manually,0.9920191764831543,0.99848473072052,-0.006465554237365723,False
codecontests_cpp_5,l2h14_z,no_tool_manually,no_tool,manually,0.9977468848228455,0.9949166178703308,0.0028302669525146484,True
codecontests_cpp_5,l2h14_z,tool_properly,tool,properly,0.9865419864654541,0.9942997097969055,-0.007757723331451416,False
codecontests_cpp_5,l2h14_z,no_tool_properly,no_tool,properly,0.9978493452072144,0.9948201775550842,0.003029167652130127,True
codecontests_cpp_5,l2h14_z,original_clean,tool,original,0.9922587871551514,0.9894851446151733,0.0027736425399780273,True
codecontests_cpp_5,l2h14_z,original_corrupt,no_tool,original,0.965090811252594,0.9693727493286133,-0.004281938076019287,False
codecontests_cpp_5,mlp11_out,tool_out,tool,out,0.9938218593597412,0.9908587336540222,0.002963125705718994,True
codecontests_cpp_5,mlp11_out,no_tool_out,no_tool,out,0.9955337047576904,0.9965682029724121,-0.0010344982147216797,False
codecontests_cpp_5,mlp11_out,tool_manually,tool,manually,0.9962493181228638,0.9934604167938232,0.0027889013290405273,True
codecontests_cpp_5,mlp11_out,no_tool_manually,no_tool,manually,0.9973246455192566,0.9954434633255005,0.0018811821937561035,True
codecontests_cpp_5,mlp11_out,tool_properly,tool,properly,0.9941704273223877,0.9959930777549744,-0.00182265043258667,False
codecontests_cpp_5,mlp11_out,no_tool_properly,no_tool,properly,0.9942982792854309,0.98971027135849,0.004588007926940918,True
codecontests_cpp_5,mlp11_out,original_clean,tool,original,0.9973723292350769,0.994670033454895,0.0027022957801818848,True
codecontests_cpp_5,mlp11_out,original_corrupt,no_tool,original,0.9972829818725586,0.9929378032684326,0.0043451786041259766,True
codecontests_java_5,l2h14_lead_k,tool_out,tool,out,0.8877521753311157,0.9007278680801392,-0.012975692749023438,False
codecontests_java_5,l2h14_lead_k,no_tool_out,no_tool,out,0.948466956615448,0.9717473387718201,-0.02328038215637207,False
codecontests_java_5,l2h14_lead_k,tool_manually,tool,manually,0.934826135635376,0.9823179244995117,-0.04749178886413574,False
codecontests_java_5,l2h14_lead_k,no_tool_manually,no_tool,manually,0.9587377309799194,0.954596757888794,0.004140973091125488,True
codecontests_java_5,l2h14_lead_k,tool_properly,tool,properly,0.9374516010284424,0.9719685912132263,-0.034516990184783936,False
codecontests_java_5,l2h14_lead_k,no_tool_properly,no_tool,properly,0.973197340965271,0.9666746854782104,0.006522655487060547,True
codecontests_java_5,l2h14_lead_k,original_clean,tool,original,0.9333677291870117,0.905455470085144,0.027912259101867676,True
codecontests_java_5,l2h14_lead_k,original_corrupt,no_tool,original,0.9236164093017578,0.9489583373069763,-0.025341928005218506,False
codecontests_java_5,l2h14_z,tool_out,tool,out,0.9770998954772949,0.9810296297073364,-0.003929734230041504,False
codecontests_java_5,l2h14_z,no_tool_out,no_tool,out,0.9961680173873901,0.9979028701782227,-0.0017348527908325195,False
codecontests_java_5,l2h14_z,tool_manually,tool,manually,0.9934414029121399,0.9989869594573975,-0.005545556545257568,False
codecontests_java_5,l2h14_z,no_tool_manually,no_tool,manually,0.9982081651687622,0.9959830641746521,0.0022251009941101074,True
codecontests_java_5,l2h14_z,tool_properly,tool,properly,0.9892019033432007,0.9956111907958984,-0.006409287452697754,False
codecontests_java_5,l2h14_z,no_tool_properly,no_tool,properly,0.9980506896972656,0.9958271980285645,0.002223491668701172,True
codecontests_java_5,l2h14_z,original_clean,tool,original,0.9917664527893066,0.9903872013092041,0.001379251480102539,True
codecontests_java_5,l2h14_z,original_corrupt,no_tool,original,0.8305879831314087,0.8531576991081238,-0.022569715976715088,False
codecontests_java_5,mlp11_out,tool_out,tool,out,0.993207573890686,0.989214301109314,0.00399327278137207,True
codecontests_java_5,mlp11_out,no_tool_out,no_tool,out,0.9942235946655273,0.9953197240829468,-0.0010961294174194336,False
codecontests_java_5,mlp11_out,tool_manually,tool,manually,0.9956134557723999,0.9922206997871399,0.0033927559852600098,True
codecontests_java_5,mlp11_out,no_tool_manually,no_tool,manually,0.9962045550346375,0.993486762046814,0.0027177929878234863,True
codecontests_java_5,mlp11_out,tool_properly,tool,properly,0.9928387999534607,0.9936379194259644,-0.0007991194725036621,False
codecontests_java_5,mlp11_out,no_tool_properly,no_tool,properly,0.9933151602745056,0.9873487949371338,0.005966365337371826,True
codecontests_java_5,mlp11_out,original_clean,tool,original,0.9941911697387695,0.9851408004760742,0.009050369262695312,True
codecontests_java_5,mlp11_out,original_corrupt,no_tool,original,0.9931015968322754,0.9891422986984253,0.003959298133850098,True
codecontests_cpp_6,l2h14_lead_k,tool_out,tool,out,0.8879476189613342,0.9009116888046265,-0.012964069843292236,False
codecontests_cpp_6,l2h14_lead_k,no_tool_out,no_tool,out,0.9484681487083435,0.9717559814453125,-0.023287832736968994,False
codecontests_cpp_6,l2h14_lead_k,tool_manually,tool,manually,0.9349220991134644,0.9822861552238464,-0.04736405611038208,False
codecontests_cpp_6,l2h14_lead_k,no_tool_manually,no_tool,manually,0.9586668014526367,0.9546604752540588,0.004006326198577881,True
codecontests_cpp_6,l2h14_lead_k,tool_properly,tool,properly,0.93746417760849,0.9720028638839722,-0.03453868627548218,False
codecontests_cpp_6,l2h14_lead_k,no_tool_properly,no_tool,properly,0.9732190370559692,0.9666297435760498,0.006589293479919434,True
codecontests_cpp_6,l2h14_lead_k,original_clean,tool,original,0.9564559459686279,0.943734347820282,0.012721598148345947,True
codecontests_cpp_6,l2h14_lead_k,original_corrupt,no_tool,original,0.9224780797958374,0.9450318217277527,-0.022553741931915283,False
codecontests_cpp_6,l2h14_z,tool_out,tool,out,0.9651108980178833,0.9711117744445801,-0.006000876426696777,False
codecontests_cpp_6,l2h14_z,no_tool_out,no_tool,out,0.9937314391136169,0.9963709115982056,-0.002639472484588623,False
codecontests_cpp_6,l2h14_z,tool_manually,tool,manually,0.9892082214355469,0.9980686902999878,-0.008860468864440918,False
codecontests_cpp_6,l2h14_z,no_tool_manually,no_tool,manually,0.9970599412918091,0.993711531162262,0.003348410129547119,True
codecontests_cpp_6,l2h14_z,tool_properly,tool,properly,0.982819139957428,0.992900013923645,-0.010080873966217041,False
codecontests_cpp_6,l2h14_z,no_tool_properly,no_tool,properly,0.9967913627624512,0.9931725859642029,0.003618776798248291,True
codecontests_cpp_6,l2h14_z,original_clean,tool,original,0.9905907511711121,0.9867948293685913,0.003795921802520752,True
codecontests_cpp_6,l2h14_z,original_corrupt,no_tool,original,0.9529991149902344,0.9628713130950928,-0.009872198104858398,False
codecontests_cpp_6,mlp11_out,tool_out,tool,out,0.9943090677261353,0.9924789667129517,0.0018301010131835938,True
codecontests_cpp_6,mlp11_out,no_tool_out,no_tool,out,0.9952192306518555,0.9968368411064148,-0.0016176104545593262,False
codecontests_cpp_6,mlp11_out,tool_manually,tool,manually,0.9965787529945374,0.994631290435791,0.0019474625587463379,True
codecontests_cpp_6,mlp11_out,no_tool_manually,no_tool,manually,0.9972060918807983,0.9957959055900574,0.0014101862907409668,True
codecontests_cpp_6,mlp11_out,tool_properly,tool,properly,0.994847297668457,0.9956649541854858,-0.0008176565170288086,False
codecontests_cpp_6,mlp11_out,no_tool_properly,no_tool,properly,0.9943795204162598,0.9907702207565308,0.003609299659729004,True
codecontests_cpp_6,mlp11_out,original_clean,tool,original,0.9969799518585205,0.9962296485900879,0.0007503032684326172,True
codecontests_cpp_6,mlp11_out,original_corrupt,no_tool,original,0.9960567951202393,0.9949256181716919,0.0011311769485473633,True
codecontests_java_6,l2h14_lead_k,tool_out,tool,out,0.8879476189613342,0.9009280800819397,-0.012980461120605469,False
codecontests_java_6,l2h14_lead_k,no_tool_out,no_tool,out,0.9485235810279846,0.9717559814453125,-0.02323240041732788,False
codecontests_java_6,l2h14_lead_k,tool_manually,tool,manually,0.9349220991134644,0.9822836518287659,-0.047361552715301514,False
codecontests_java_6,l2h14_lead_k,no_tool_manually,no_tool,manually,0.958713173866272,0.9546888470649719,0.004024326801300049,True
codecontests_java_6,l2h14_lead_k,tool_properly,tool,properly,0.93746417760849,0.9719774723052979,-0.03451329469680786,False
codecontests_java_6,l2h14_lead_k,no_tool_properly,no_tool,properly,0.9731860756874084,0.9666297435760498,0.006556332111358643,True
codecontests_java_6,l2h14_lead_k,original_clean,tool,original,0.9334301352500916,0.9054279923439026,0.028002142906188965,True
codecontests_java_6,l2h14_lead_k,original_corrupt,no_tool,original,0.9238787889480591,0.9465851783752441,-0.02270638942718506,False
codecontests_java_6,l2h14_z,tool_out,tool,out,0.9736172556877136,0.9789311289787292,-0.005313873291015625,False
codecontests_java_6,l2h14_z,no_tool_out,no_tool,out,0.9953187704086304,0.9974009394645691,-0.0020821690559387207,False
codecontests_java_6,l2h14_z,tool_manually,tool,manually,0.9925612211227417,0.9987894296646118,-0.006228208541870117,False
codecontests_java_6,l2h14_z,no_tool_manually,no_tool,manually,0.9980353713035583,0.9958269596099854,0.002208411693572998,True
codecontests_java_6,l2h14_z,tool_properly,tool,properly,0.9874192476272583,0.9949262738227844,-0.007507026195526123,False
codecontests_java_6,l2h14_z,no_tool_properly,no_tool,properly,0.997721254825592,0.9954749345779419,0.0022463202476501465,True
codecontests_java_6,l2h14_z,original_clean,tool,original,0.9916164875030518,0.9903233647346497,0.0012931227684020996,True
codecontests_java_6,l2h14_z,original_corrupt,no_tool,original,0.9023723006248474,0.9170019030570984,-0.014629602432250977,False
codecontests_java_6,mlp11_out,tool_out,tool,out,0.9943277835845947,0.9901865720748901,0.00414121150970459,True
codecontests_java_6,mlp11_out,no_tool_out,no_tool,out,0.9946576952934265,0.9954966306686401,-0.000838935375213623,False
codecontests_java_6,mlp11_out,tool_manually,tool,manually,0.9965335726737976,0.9933371543884277,0.003196418285369873,True
codecontests_java_6,mlp11_out,no_tool_manually,no_tool,manually,0.9963445067405701,0.9949994683265686,0.0013450384140014648,True
codecontests_java_6,mlp11_out,tool_properly,tool,properly,0.9938850998878479,0.9953969120979309,-0.0015118122100830078,False
codecontests_java_6,mlp11_out,no_tool_properly,no_tool,properly,0.9931066036224365,0.9882798194885254,0.004826784133911133,True
codecontests_java_6,mlp11_out,original_clean,tool,original,0.9954142570495605,0.9872337579727173,0.008180499076843262,True
codecontests_java_6,mlp11_out,original_corrupt,no_tool,original,0.9960598945617676,0.9944567680358887,0.0016031265258789062,True
codecontests_java_7,l2h14_lead_k,tool_out,tool,out,0.8877358436584473,0.9006556272506714,-0.012919783592224121,False
codecontests_java_7,l2h14_lead_k,no_tool_out,no_tool,out,0.9484802484512329,0.9717676639556885,-0.023287415504455566,False
codecontests_java_7,l2h14_lead_k,tool_manually,tool,manually,0.9346797466278076,0.9822873473167419,-0.047607600688934326,False
codecontests_java_7,l2h14_lead_k,no_tool_manually,no_tool,manually,0.9586719274520874,0.954542875289917,0.00412905216217041,True
codecontests_java_7,l2h14_lead_k,tool_properly,tool,properly,0.9374529719352722,0.9719245433807373,-0.03447157144546509,False
codecontests_java_7,l2h14_lead_k,no_tool_properly,no_tool,properly,0.973158597946167,0.9666372537612915,0.006521344184875488,True
codecontests_java_7,l2h14_lead_k,original_clean,tool,original,0.9697895646095276,0.9719245433807373,-0.002134978771209717,False
codecontests_java_7,l2h14_lead_k,original_corrupt,no_tool,original,0.9881236553192139,0.9666372537612915,0.021486401557922363,True
codecontests_java_7,l2h14_z,tool_out,tool,out,0.9742335081100464,0.9790171384811401,-0.00478363037109375,False
codecontests_java_7,l2h14_z,no_tool_out,no_tool,out,0.99507075548172,0.9979616403579712,-0.0028908848762512207,False
codecontests_java_7,l2h14_z,tool_manually,tool,manually,0.9935938119888306,0.9989630579948425,-0.005369246006011963,False
codecontests_java_7,l2h14_z,no_tool_manually,no_tool,manually,0.9979867339134216,0.9959656596183777,0.0020210742950439453,True
codecontests_java_7,l2h14_z,tool_properly,tool,properly,0.988152027130127,0.9961246252059937,-0.0079725980758667,False
codecontests_java_7,l2h14_z,no_tool_properly,no_tool,properly,0.9974158406257629,0.9949090480804443,0.0025067925453186035,True
codecontests_java_7,l2h14_z,original_clean,tool,original,0.9946953654289246,0.9961246252059937,-0.0014292597770690918,False
codecontests_java_7,l2h14_z,original_corrupt,no_tool,original,0.9988424181938171,0.9949090480804443,0.003933370113372803,True
codecontests_java_7,mlp11_out,tool_out,tool,out,0.9942644834518433,0.9918910264968872,0.0023734569549560547,True
codecontests_java_7,mlp11_out,no_tool_out,no_tool,out,0.9952074289321899,0.9957449436187744,-0.0005375146865844727,False
codecontests_java_7,mlp11_out,tool_manually,tool,manually,0.9959800839424133,0.9935562610626221,0.0024238228797912598,True
codecontests_java_7,mlp11_out,no_tool_manually,no_tool,manually,0.9964746236801147,0.9951750040054321,0.0012996196746826172,True
codecontests_java_7,mlp11_out,tool_properly,tool,properly,0.9957866668701172,0.9956979155540466,8.875131607055664e-05,True
codecontests_java_7,mlp11_out,no_tool_properly,no_tool,properly,0.9946296215057373,0.9904321432113647,0.004197478294372559,True
codecontests_java_7,mlp11_out,original_clean,tool,original,0.9981375336647034,0.9956979155540466,0.0024396181106567383,True
codecontests_java_7,mlp11_out,original_corrupt,no_tool,original,0.9976508617401123,0.9904321432113647,0.007218718528747559,True
apps_python_8,l2h14_lead_k,tool_out,tool,out,0.8879476189613342,0.9009280800819397,-0.012980461120605469,False
apps_python_8,l2h14_lead_k,no_tool_out,no_tool,out,0.9485235810279846,0.9717559814453125,-0.02323240041732788,False
apps_python_8,l2h14_lead_k,tool_manually,tool,manually,0.9349220991134644,0.9822836518287659,-0.047361552715301514,False
apps_python_8,l2h14_lead_k,no_tool_manually,no_tool,manually,0.958713173866272,0.9546888470649719,0.004024326801300049,True
apps_python_8,l2h14_lead_k,tool_properly,tool,properly,0.93746417760849,0.9719774723052979,-0.03451329469680786,False
apps_python_8,l2h14_lead_k,no_tool_properly,no_tool,properly,0.9731860756874084,0.9666297435760498,0.006556332111358643,True
apps_python_8,l2h14_lead_k,original_clean,tool,original,0.9407511353492737,0.960882306098938,-0.020131170749664307,False
apps_python_8,l2h14_lead_k,original_corrupt,no_tool,original,0.9816908836364746,0.9546888470649719,0.027002036571502686,True
apps_python_8,l2h14_z,tool_out,tool,out,0.9775714874267578,0.9815642833709717,-0.003992795944213867,False
apps_python_8,l2h14_z,no_tool_out,no_tool,out,0.9947488307952881,0.9973621964454651,-0.002613365650177002,False
apps_python_8,l2h14_z,tool_manually,tool,manually,0.993371844291687,0.9988245964050293,-0.005452752113342285,False
apps_python_8,l2h14_z,no_tool_manually,no_tool,manually,0.9981099963188171,0.9959796667098999,0.0021303296089172363,True
apps_python_8,l2h14_z,tool_properly,tool,properly,0.987408459186554,0.9944232702255249,-0.007014811038970947,False
apps_python_8,l2h14_z,no_tool_properly,no_tool,properly,0.9963786602020264,0.9946457743644714,0.0017328858375549316,True
apps_python_8,l2h14_z,original_clean,tool,original,0.99541175365448,0.9983252286911011,-0.0029134750366210938,False
apps_python_8,l2h14_z,original_corrupt,no_tool,original,0.9991427659988403,0.9959796667098999,0.0031630992889404297,True
apps_python_8,mlp11_out,tool_out,tool,out,0.9901549220085144,0.9879117012023926,0.002243220806121826,True
apps_python_8,mlp11_out,no_tool_out,no_tool,out,0.9935200214385986,0.9955105781555176,-0.0019905567169189453,False
apps_python_8,mlp11_out,tool_manually,tool,manually,0.9949236512184143,0.993649959564209,0.0012736916542053223,True
apps_python_8,mlp11_out,no_tool_manually,no_tool,manually,0.9961935877799988,0.9944188594818115,0.0017747282981872559,True
apps_python_8,mlp11_out,tool_properly,tool,properly,0.992648184299469,0.9955500364303589,-0.0029018521308898926,False
apps_python_8,mlp11_out,no_tool_properly,no_tool,properly,0.9933240413665771,0.9896620512008667,0.0036619901657104492,True
apps_python_8,mlp11_out,original_clean,tool,original,0.9951865673065186,0.9932112097740173,0.0019753575325012207,True
apps_python_8,mlp11_out,original_corrupt,no_tool,original,0.998282790184021,0.9944188594818115,0.0038639307022094727,True
apps_python_9,l2h14_lead_k,tool_out,tool,out,0.8877521753311157,0.9007278680801392,-0.012975692749023438,False
apps_python_9,l2h14_lead_k,no_tool_out,no_tool,out,0.948466956615448,0.9717473387718201,-0.02328038215637207,False
apps_python_9,l2h14_lead_k,tool_manually,tool,manually,0.934826135635376,0.9823179244995117,-0.04749178886413574,False
apps_python_9,l2h14_lead_k,no_tool_manually,no_tool,manually,0.9587377309799194,0.954596757888794,0.004140973091125488,True
apps_python_9,l2h14_lead_k,tool_properly,tool,properly,0.9374516010284424,0.9719685912132263,-0.034516990184783936,False
apps_python_9,l2h14_lead_k,no_tool_properly,no_tool,properly,0.973197340965271,0.9666746854782104,0.006522655487060547,True
apps_python_9,l2h14_lead_k,original_clean,tool,original,0.9689630270004272,0.9823179244995117,-0.013354897499084473,False
apps_python_9,l2h14_lead_k,original_corrupt,no_tool,original,0.9816981554031372,0.954596757888794,0.02710139751434326,True
apps_python_9,l2h14_z,tool_out,tool,out,0.9755562543869019,0.9799370765686035,-0.00438082218170166,False
apps_python_9,l2h14_z,no_tool_out,no_tool,out,0.9962618350982666,0.9981894493103027,-0.0019276142120361328,False
apps_python_9,l2h14_z,tool_manually,tool,manually,0.9931668639183044,0.999079167842865,-0.005912303924560547,False
apps_python_9,l2h14_z,no_tool_manually,no_tool,manually,0.9984204769134521,0.9960964322090149,0.002324044704437256,True
apps_python_9,l2h14_z,tool_properly,tool,properly,0.9896664619445801,0.9961512684822083,-0.006484806537628174,False
apps_python_9,l2h14_z,no_tool_properly,no_tool,properly,0.9980285167694092,0.9957283735275269,0.0023001432418823242,True
apps_python_9,l2h14_z,original_clean,tool,original,0.9969244003295898,0.999079167842865,-0.0021547675132751465,False
apps_python_9,l2h14_z,original_corrupt,no_tool,original,0.9992865920066833,0.9960964322090149,0.003190159797668457,True
apps_python_9,mlp11_out,tool_out,tool,out,0.9912778735160828,0.9883484840393066,0.002929389476776123,True
apps_python_9,mlp11_out,no_tool_out,no_tool,out,0.99402916431427,0.9962798357009888,-0.00225067138671875,False
apps_python_9,mlp11_out,tool_manually,tool,manually,0.9952074289321899,0.993878960609436,0.0013284683227539062,True
apps_python_9,mlp11_out,no_tool_manually,no_tool,manually,0.9962083101272583,0.9939033389091492,0.002304971218109131,True
apps_python_9,mlp11_out,tool_properly,tool,properly,0.9929739236831665,0.9955747723579407,-0.00260084867477417,False
apps_python_9,mlp11_out,no_tool_properly,no_tool,properly,0.9935178756713867,0.9896284341812134,0.00388944149017334,True
apps_python_9,mlp11_out,original_clean,tool,original,0.9978576302528381,0.993878960609436,0.0039786696434021,True
apps_python_9,mlp11_out,original_corrupt,no_tool,original,0.9982960820198059,0.9939033389091492,0.004392743110656738,True
codecontests_cpp_9,l2h14_lead_k,tool_out,tool,out,0.8877623677253723,0.9007039666175842,-0.012941598892211914,False
codecontests_cpp_9,l2h14_lead_k,no_tool_out,no_tool,out,0.9484795331954956,0.9717552661895752,-0.02327573299407959,False
codecontests_cpp_9,l2h14_lead_k,tool_manually,tool,manually,0.9348181486129761,0.9823096990585327,-0.04749155044555664,False
codecontests_cpp_9,l2h14_lead_k,no_tool_manually,no_tool,manually,0.9587143063545227,0.9545944929122925,0.004119813442230225,True
codecontests_cpp_9,l2h14_lead_k,tool_properly,tool,properly,0.9374662637710571,0.9719715118408203,-0.034505248069763184,False
codecontests_cpp_9,l2h14_lead_k,no_tool_properly,no_tool,properly,0.9731829166412354,0.9666123390197754,0.006570577621459961,True
codecontests_cpp_9,l2h14_lead_k,original_clean,tool,original,0.9494966864585876,0.8978355526924133,0.051661133766174316,True
codecontests_cpp_9,l2h14_lead_k,original_corrupt,no_tool,original,0.9224965572357178,0.9449689984321594,-0.02247244119644165,False
codecontests_cpp_9,l2h14_z,tool_out,tool,out,0.9758775234222412,0.9797393679618835,-0.003861844539642334,False
codecontests_cpp_9,l2h14_z,no_tool_out,no_tool,out,0.9959937334060669,0.9974998831748962,-0.0015061497688293457,False
codecontests_cpp_9,l2h14_z,tool_manually,tool,manually,0.9927167296409607,0.9987787008285522,-0.006061971187591553,False
codecontests_cpp_9,l2h14_z,no_tool_manually,no_tool,manually,0.9981188774108887,0.9955515265464783,0.0025673508644104004,True
codecontests_cpp_9,l2h14_z,tool_properly,tool,properly,0.988343358039856,0.9946961998939514,-0.006352841854095459,False
codecontests_cpp_9,l2h14_z,no_tool_properly,no_tool,properly,0.9979190826416016,0.9953226447105408,0.002596437931060791,True
codecontests_cpp_9,l2h14_z,original_clean,tool,original,0.9245758652687073,0.9026774168014526,0.02189844846725464,True
codecontests_cpp_9,l2h14_z,original_corrupt,no_tool,original,0.962138831615448,0.9698009490966797,-0.0076621174812316895,False
codecontests_cpp_9,mlp11_out,tool_out,tool,out,0.9929571747779846,0.9901604056358337,0.002796769142150879,True
codecontests_cpp_9,mlp11_out,no_tool_out,no_tool,out,0.9940570592880249,0.9963774681091309,-0.002320408821105957,False
codecontests_cpp_9,mlp11_out,tool_manually,tool,manually,0.9960471391677856,0.9930598139762878,0.0029873251914978027,True
codecontests_cpp_9,mlp11_out,no_tool_manually,no_tool,manually,0.9956612586975098,0.9934852719306946,0.0021759867668151855,True
codecontests_cpp_9,mlp11_out,tool_properly,tool,properly,0.9941239953041077,0.9952178597450256,-0.0010938644409179688,False
codecontests_cpp_9,mlp11_out,no_tool_properly,no_tool,properly,0.9931505918502808,0.9885224103927612,0.004628181457519531,True
codecontests_cpp_9,mlp11_out,original_clean,tool,original,0.9958252906799316,0.9927115440368652,0.0031137466430664062,True
codecontests_cpp_9,mlp11_out,original_corrupt,no_tool,original,0.9936133623123169,0.9924403429031372,0.0011730194091796875,True
